DETALLE,PRECIO FINAL,cateogira
FLUX PASTERMAX MAX 3000 EN GEL,1122.748,accesorios
GRASA SILICONADA PASTERMAX PARA CPU B30 (BLANCA) PASTA TERMICA,842.457,accesorios
ACCESORIOS THERMALTAKE MEMORY LIGHTING KIT LED MEMORY,33576.906,accesorios
ACCESORIOS RAZER BUNGEE V3,9447.218,accesorios
ACCESORIOS THERMALTAKE CORE P5 AIO BRACKET BLACK,8552.94,accesorios
ACCESORIOS ADATA carry GABINETE P/SSD EX500 RED,8092.876,accesorios
ACCESORIOS SAMSUNG CARGADOR GALAXY 15W SIN CABLE,5660.061,accesorios
ACCESORIOS RAZER BUNGEE V3 CHROMA,18909.165,accesorios
ACCESORIOS PORTA AURICULARES NZXT PUCK  WHITE,10507.761,accesorios
ACCESORIOS GENERICO ADAPTADOR VGA/DVI,4328.775,accesorios
ACCESORIOS PORTA AURICULARES TRUST GXT 265 CINTAR RGB,12373.35,accesorios
ACCESORIOS WIZ HUE CABLE 2M RGB LEDSTRIP STARKIT TYPE-C,13519.341,accesorios
GRASA SILICONADA PASTERMAX PARA CPU A90 (GRIS) PASTA TERMICA,1747.427,accesorios
GRASA SILICONADA  PASTERMAX PARA CPU G60 (GRIS) PASTA TERMICA,1119.602,accesorios
ACCESORIOS SFX FICHA HDMI A DVI,2291.993,accesorios
ACCESORIOS PHILIPS HUE MOTION SENSOR UK,14307.194,accesorios
ACCESORIOS NZXT HUE 2 KIT ILUMINACION AMBIENTE RGB 27-35,77783.662,accesorios
ACCESORIOS NZXT HUE 2 KIT ILUMINACION AMBIENTE RGB 21-26,73401.471,accesorios
OUTLET ACCESORIOS NZXT CONTROL FAN SENTRY LX,24586.881,accesorios
ACCESORIOS NZXT HUE 2 RGB UNDERGLOW,24232.109,accesorios
ALCOHOL ISOPROPILICO PASTERMAX X 500 ML,2134.385,accesorios
ACCESORIOS PORTA AURICULARES NZXT PUCK RED,10507.761,accesorios
ACCESORIOS PORTA AURICULARES NZXT PUCK PURPLE,10507.761,accesorios
ACCESORIOS BENQ ADAPTADOR HDMI INALAMBRICO DONGLE QCAST,55848.155,accesorios
ACCESORIOS SAMSUNG S VIEW COVER A5 BLANCO,1071.389,accesorios
AURICULAR TRUST PRIMO,2853.642,auriculares
AURICULAR Y WEBCAM TRUST DOBA HOME OFFICE,20660.431,auriculares
OUTLET AURICULAR GAMER GX GAMING GENIUS ES G560 BLACK,6011.643,auriculares
TRUST GAMING BUNDLE 4EN1 GXT1180RW,18169.569,auriculares
AURICULAR TRUST NIKA TOUCH BT MINT,15906.429,auriculares
AURICULAR GENIUS HS-M300 BLACK,5237.221,auriculares
AURICULAR GAMER TRUST ZAMAK PREMIUM GXT 414,25171.278,auriculares
AURICULAR GAMER TRUST CARUS PS4 GXT 322B,16666.012,auriculares
AURICULAR GAMER RAZER KAIRA X FOR XBOX WHITE,36657.456,auriculares
AURICULAR GAMER TRUST CARUS JUNGLE GXT 322C,16666.012,auriculares
AURICULAR PHILIPS BT TAT2205 2000 SERIES TWS BLACK,12334.883,auriculares
AURICULAR TRUST RYDO USB,10830.798,auriculares
OUTLET AURICULAR GAMER TRUST RADIUS GXT350 7.1 BLACK,13498.716,auriculares
OUTLET AURICULAR GAMER RAZER THRESHER 7.1 WIR PS4,64962.546,auriculares
AURICULAR GAMER RAZER BLACKSHARK V2 THX,63631.128,auriculares
AURICULAR TRUST PRIMO TOUCH BT BLUE,11602.426,auriculares
OUTLET AURICULAR GAMER RAZER KRAKEN ULTIMATE BLACK,43593.165,auriculares
OUTLET AURICULAR GAMER TRUST RADIUS GXT310D DESERT,11190.707,auriculares
AURICULAR TRUST MAURO USB,11391.93,auriculares
AURICULAR GAMER RAZER KAIRA X FOR XBOX RED,38275.314,auriculares
AURICULAR GENIUS HS-04SU 2 JACKS,7093.768,auriculares
OUTLET AURICULAR RAZER HAMMERHEAD TRUE WIRELESS X BT,19369.482,auriculares
AURICULAR PATRIOT VIPER V360 VIRTUAL 7.1 PP000200,15751.395,auriculares
AURICULAR PATRIOT VIPER 330 STEREO 3.5MM JACK PP000226,11652.883,auriculares
AURICULAR GAMER RAZER KAIRA X FOR XBOX BLUE,38275.314,auriculares
AURICULAR GAMER RAZER KAIRA X FOR XBOX LIME,38275.314,auriculares
OUTLET AURICULAR GENIUS HS-04S,3483.293,auriculares
OUTLET AURICULAR GENIUS HS-05A,5541.36,auriculares
AURICULAR GAMER GX GAMING GENIUS HS G710V BLACK,21374.265,auriculares
AURICULAR GENIUS HS-M320 GREEN,4726.469,auriculares
AURICULAR GAMER TRUST GXT4371 WARD MULTIPLATAFORMA,13428.987,auriculares
AURICULAR PHILIPS HP TAT2206 BLACK TRUE,13768.172,auriculares
AURICULAR GENIUS HS-M505X,7928.8,auriculares
OUTLET AURICULAR GAMER RAZER TIAMAT 2.2 V2 ANALOG,56038.323,auriculares
AURICULAR TRUST NIKA COMPACT BT WHITE,15710.156,auriculares
AURICULAR TRUST EAZE WIRELESS,14404.115,auriculares
AURICULAR GENIUS HS-M320 RED,4509.659,auriculares
AURICULARES TT ESPORTS HT/SHOCK PRO RGB 7.1 DIGITAL BLACK FULL SIZE RGB COLOR LED,32528.309,auriculares
OUTLET AURICULAR GAMER RAZER KRAKEN X MERCURY,13507.12,auriculares
OUTLET AURICULAR PHILIPS TAE4105 4000 SERIES BLACK,3957.822,auriculares
OUTLET AURICULAR GAMER RAZER KRAKEN V3 HYPERSENSE,46230.525,auriculares
OUTLET AURICULAR RAZER OPUS X BT MERCURY,24792.933,auriculares
OUTLET AURICULAR GAMER RAZER BARRACUDA X WIRELESS GAMING QUARTZ PINK,34263.68,auriculares
OUTLET AURICULAR GAMER RAZER BARRACUDA X WIRELESS MERCURY WHITE,35545.059,auriculares
AURICULAR GAMER TRUST RADIUS GXT310 BLACK,11799.711,auriculares
AURICULAR AUREOX EQUIFY GAMING GH200,5424.364,auriculares
AURICULAR PHILIPS HP TAT2206 TRUE,13255.132,auriculares
AURICULAR PHILIPS BT TAE4205 4000 SERIES BLACK,8979.916,auriculares
AURICULAR GAMER RAZER KAIRA X FOR PLAYSTATION 5 WHITE,31114.534,auriculares
AURICULAR GAMER TRUST CARUS DESERT GXT 322D,16666.012,auriculares
AURICULAR GENIUS HS-M320 BLUE,4726.469,auriculares
OUTLET AURICULAR GAMER ASUS ES STRIX PRO,73658.497,auriculares
AURICULAR GENIUS HS-M300 WHITE,4266.889,auriculares
AURICULAR GAMER TRUST RAVU PS4 GXT 307B,9510.105,auriculares
AURICULAR PHILIPS BT TAH1205 FLAT FOLD,10325.645,auriculares
AURICULAR GAMER GX GAMING GENIUS HS-610 RED,10841.468,auriculares
OUTLET AURICULAR GENIUS HS-400A GREEN,4581.665,auriculares
AURICULAR TRUST ZENA BT WIRELESS,16185.763,auriculares
AURICULAR GENIUS HS-04S SINGLEJACK,5310.195,auriculares
AURICULAR GENIUS HS-04SP Dual JACK,5310.195,auriculares
AURICULAR RAZER HAMMERHEAD TRUE WIRELESS BLACK,65871.322,auriculares
AURICULAR GENIUS HS-M300 BLUE,6129.013,auriculares
AURICULAR GAMER GX GAMING GENIUS ES G560 BLACK,9235.094,auriculares
AURICULAR PHILIPS BT TAH4205 COMPACT BASS BOOS,14039.003,auriculares
OUTLET AURICULAR GAMER RAZER KRAKEN X LITE,13687.047,auriculares
OUTLET AURICULAR GAMER RAZER BARRACUDA X WIRELESS GAMING,33102.201,auriculares
ACCESORIO BUNGEE TRUST CENDOR STAND GXT260,8785.183,auriculares
OUTLET AURICULAR GAMER RAZER KRAKEN BT KITTY EDITION - QUARTZ,37300.373,auriculares
AURICULAR GENIUS HS-05A,8447.659,auriculares
AURICULAR GAMER TRUST RADIUS GXT350 7.1 BLACK,16917.23,auriculares
OUTLET AURICULAR GAMER RAZER NARI ESSENTIAL WIRELES,29662.974,auriculares
AURICULAR GAMER RAZER KRAKEN X FOR CONSOLE BLACK-BLUE PS XBOX SWITCH,30763.172,auriculares
AURICULAR TRUST PRIMO TOUCH BT MINT,11602.426,auriculares
TRUST HOME OFFICE BUNDLE 4EN1 QOBY,23455.707,auriculares
AURICULAR GENIUS HS-M200C BLACK,2691.579,auriculares
OUTLET AURICULAR GENIUS HS-04SU,3677.047,auriculares
AURICULAR TRUST NIKA COMPACT BT BLACK,19688.647,auriculares
AURICULAR GAMER GX GAMING GENIUS HS-610 BLACK,10841.468,auriculares
AURICULAR GAMER RAZER KAIRA PRO PLAYSTATION 5 WHITE,101316.589,auriculares
AURICULAR GENIUS HS-400A GREEN,6485.732,auriculares
AURICULAR RAZER TETRA WIRED CONSOLE CHAT,18253.829,auriculares
OUTLET AURICULAR RAZER KRAKEN 7.1 V2 OVAL BLACK,40753.944,auriculares
AURICULAR GAMER TRUST RADIUS GXT310C JUNGLE,14003.187,auriculares
OUTLET AURICULAR GAMER RAZER BLACKSHARK V2 X WIRED/7.1,17623.331,auriculares
OUTLET AURICULAR TRUST MAURO USB,8957.146,auriculares
AURICULAR GAMER TT ESPORTS HT PULSE G100 ANALOG RGB BLACK,30513.604,auriculares
AURICULAR GAMER TRUST GXT433 PYLO,19429.333,auriculares
AURICULAR RAZER OPUS X BT QUARTZ,41601.692,auriculares
AURICULAR GAMER RAZER KAIRA X FOR XBOX,38275.314,auriculares
AURICULAR TRUST PRIMO TOUCH BT WHITE,11602.426,auriculares
AURICULAR GAMER RAZER KRAKEN KITTY CHROMA QUARTZ,79209.185,auriculares
AURICULAR GAMER TRUST CARUS BLACK GXT 322,13228.017,auriculares
OUTLET AURICULAR GAMER TRUST CARUS JUNGLE GXT 322C,16236.264,auriculares
OUTLET AURICULAR GAMER TRUST ZAMAK PREMIUM GXT 414,21900.34,auriculares
AURICULAR GAMER RAZER BLACKSHARK V2 PRO WIRELESS WHITE,112145.968,auriculares
OUTLET AURICULAR CORSAIR ES RAPTOR HS40 7.1 GAMING,21241.726,auriculares
AURICULAR GENIUS HS-M270 ORANGE,6363.874,auriculares
AURICULAR GAMER RAZER BLACKSHARK V2 X WHITE,26258.826,auriculares
OUTLET AURICULAR GENIUS HS-02B,2056.021,auriculares
AURICULAR GENIUS HS-300N,5058.867,auriculares
OUTLET AURICULAR GAMER RAZER KRAKEN KITTY CHROMA QUARTZ,45308.978,auriculares
AURICULAR GAMER TRUST GXT 450 BLIZZ RGB 7.1,23412.807,auriculares
AURICULAR GAMER GX GAMING GENIUS HS G600V BLACK,12842.973,auriculares
AURICULAR GAMER RAZER KRAKEN V3X WIRED USB GAMING,43611.458,auriculares
AURICULAR AUREOX TREMOR GAMING GH600,8136.535,auriculares
AURICULAR AUREOX STRENGHT GAMING GH400,7131.432,auriculares
OUTLET AURICULAR GAMER GX GAMING GENIUS ES CAVIMANUS,33611.391,auriculares
AURICULAR GAMER RAZER KAIRA FOR PLAYSTATION WHITE,51868.113,auriculares
OUTLET AURICULAR TRUST NIKA COMPACT BT PINK,14795.385,auriculares
OUTLET CAMARA IP D-LINK WIRELESS DCS-942L,66523.292,camaras
OUTLET CAMARA IP D-LINK HD DCS-2103,64930.239,camaras
LAMPARA WIZ LED SMART ST64 TW/7W E27 AMBER 1PF,3468.322,electro
LAMPARA WIZ LED SMART G95 TW/7W E27 AMBER 6/1PF,3581.754,electro
OUTLET SAMSUNG SMARTWATCH GALAXY 4 40MM BLACK,68201.067,electro
SMARTWATCH NOGANET AMARILLO NG-SW04 AM,3919.179,electro
LAMPARA WIZ WI-FI BLE PORTABLE HERO TYPE C,16335.924,electro
ASISTENTE DE GOOGLE NEST MINI GRAY,22672.155,electro
LAMPARA PHILIPS HUE 7W FIL G93 E27,4233.031,electro
LAMPARA WIZ LED PLAFON 8 PUL. 24W CALIDO A FRIO,7840.195,electro
XIAOMI SMARTWATCH KIESLECT LADY L11 PRO ROSA,23824.119,electro
SMARTWATCH NOGANET AZUL NG-SW02,4830.1,electro
CONTROL REMOTO WIZ,5325.111,electro
SENSOR DE MOVIMIENTO WIZ,7330.114,electro
SMARTWATCH NOGANET AZUL NG-SW05,13788.445,electro
LAMPARA PHILIPS HUE 9.5W A60 E27 EU,5174.895,electro
PULSERA NOGANET BT FITNESS ROJA NG-SB01,3418.481,electro
LAMPARA WIZ HUE WI-FI BLE PORTABLE SQUIRE TYPE C,16455.164,electro
SMARTWATCH NOGANET NEGRO NG-SW05,13788.445,electro
LAMPARA PHILIPS HUE 7W FIL A60 E27,3702.105,electro
SMARTWATCH NOGANET BLANCO NG-SW06,6181.021,electro
SMARTWATCH NOGANET ROJO NG-SW02,4528.227,electro
PULSERA NOGANET BT FITNESS CELESTE NG-SB01,3418.481,electro
SMARTWATCH HUAWEI HONOR BAND 6,19515.023,electro
LAMPARA PHILIPS HUE PLAY LIGHT BAR BASE UNIT,39171.121,electro
CHROMECAST GOOGLE 3,17868.477,electro
PULSERA NOGANET BT FITNESS NEGRA NG-SB01,3418.481,electro
LAMPARA PHILIPS HUE PLAY LIGHT BAR EXTENSION,10108.483,electro
TV STICK XIOAMI,25442.78,electro
LAMPARA PHILIPS HUE WCA 9W A60 E27 3SET SW EU,43343.575,electro
ASISTENTE ALEXA CHARCOAL AMAZON ECHO DOT3 SMART SPEAKER,17001.853,electro
SAMSUNG CELULAR GALAXY S22 128GB WHITE,326695.523,celulares
SAMSUNG TELEFONO CELULAR GALAXY A33 WHITE,144354.551,celulares
SAMSUNG TELEFONO CELULAR GALAXY XCOVER PRO,109394.12,celulares
SAMSUNG TELEFONO CELULAR 09 GALAXY XCOVER 5,95960.733,celulares
SAMSUNG CELULAR GALAXY A03 3+32GB BLUE,51662.501,celulares
SAMSUNG TELEFONO CELULAR GALAXY A33 5G 128/6GB LIGHT BLUE,147821.124,celulares
MOTOROLA TELEFONO CELULAR E22I GRIS 2+32,52553.127,celulares
PHILIPS TELEFONO INALAMBRICO D1311 WHITE,13322.661,celulares
SAMSUNG TELEFONO CELULAR GALAXY A33 BLACK,146108.281,celulares
SAMSUNG ACC KEYBOARD COVER GOLD S7 EDGE,481.096,celulares
ALCATEL CELULAR 1 PLUS 16/1GB VOLCANO BLACK,28951.494,celulares
SAMSUNG TELEFONO CELULAR GALAXY A23 BLACK 4+128,105589.198,celulares
SAMSUNG TELEFONO CELULAR GALAXY XCOVER 5,91978.007,celulares
SAMSUNG CELULAR GALAXY A03 CORE GREEN,48814.546,celulares
SAMSUNG CELULAR GALAXY Z FLIP4 GRAPHITE 256GB,299798.807,celulares
SAMSUNG CELULAR GALAXY S23 ULTRA 256 12GB + 8GB BLACK,488071.254,celulares
SAMSUNG CELULAR GALAXY A53 BLACK,176958.98,celulares
OUTLET LUXA2 RECEPTOR DE BATERIA PORTATIL GALAXY S4,1143.45,celulares
OUTLET LUXA2 RECEPTOR DE BATERIA PORTATIL GALAXY S3,1102.618,celulares
OUTLET LUXA2 RECEPTOR DE BATERIA PORTATIL GALAXY NOTE 3,1143.45,celulares
OUTLET LUXA2 RECEPTOR DE BATERIA PORTATIL GALAXY NOTE 2,1143.45,celulares
SAMSUNG TELEFONO CELULAR GALAXY A23 WHITE 4+128,105327.53,celulares
SAMSUNG TELEFONO CELULAR GALAXY A22 5G 128/4GB GREY,97540.806,celulares
SAMSUNG CELULAR GALAXY S22 128GB BLACK,332593.899,celulares
SAMSUNG TELEFONO CELULAR M13 128GB light blue,90162.314,celulares
SAMSUNG CELULAR GALAXY A03 64GB BLUE,77759.946,celulares
SAMSUNG TELEFONO CELULAR A13 64GB CELESTE,77637.549,celulares
SAMSUNG CELULAR GALAXY A03 128GB BLACK,71169.703,celulares
SAMSUNG TELEFONO CELULAR A13 128GB BLACK,82893.195,celulares
MOTOROLA TELEFONO CELULAR G200 8GB/128GB XT2175 AZUL,202119.819,celulares
QUANTUM CELULAR YOLO 3G 5 QUAD-CORE 32/1GB 8/5MP BLACK,26046.702,celulares
SAMSUNG TELEFONO CELULAR A13 64GB BLACK,83472.972,celulares
SAMSUNG CELULAR GALAXY A03 64/4GB BLACK,57590.247,celulares
SAMSUNG CELULAR GALAXY S23 ULTRA 256 12GB + 8GB GREEN,502059.327,celulares
SAMSUNG TELEFONO CELULAR GALAXY M23 5G 4/128GB VERDE,114571.567,celulares
SAMSUNG TELEFONO CELULAR A13 64GB WHITE,77655.039,celulares
PHILIPS TELEFONO INALAMBRICO D1311 BLACK,14391.828,celulares
MINI PC GIGABYTE BRIX BSRE-1505 (AMD Ryzen 1505G),240549.21,pc
MINI PC GIGABYTE Q270M STX + PENTIUM DUAL CORE G4400 3.3GHZ,108928.809,pc
D-LINK WIRELESS AC600 DUAL BAND USB ADAPTER DWA-171,6361.069,redes
TRAFO GENERICO 12V 1A,3700.29,redes
ANBYTE PATCHERA CAT5 24 PORT INTELLINET,11880.517,redes
OUTLET D-LINK ONE PORTE 1000 BASE DEM-311GT,21723.13,redes
CABLE UTP SFX  CAT5 305M INTERIOR,23497.672,redes
ANBYTE PATCH C5 UTP 1 METRO INTELLINET,488.587,redes
D-LINK ROUTER R15 AX1500 WI-FI 6 AI,26266.449,redes
D-LINK ROUTER DWR-M921 3G/4G LTE N300,40373.311,redes
D-LINK 8-PORT 10/100MBPS UNMANAGED SWITCH DES-1008C,3929.332,redes
D-LINK WIRELESS N300 ADAPTER 11G/11N DWA-131,3445.574,redes
D-LINK ROUTER DIR-2150 AC2100 WI-FI GB,33855.371,redes
NOGA CARGADOR 3A 15W CON CABLE MICRO,2145.858,redes
D-LINK WIRELESS AS1200 DUAL BAND ACCESS POINT DAP-1665,23350.965,redes
CABLE UTP SFX CAT5 100M INTERIOR,10714.836,redes
SKYWAY CABLE USB A/B 2.0 1.55M,944.427,redes
D-LINK 5-PORT 10/100MBPS UNMANAGED SWITCH N-WA DES-1005A,3572.58,redes
D-LINK 8-PORT 10/1000MBPS UNMANAGED SWITCH DGS-1008A,9514.593,redes
OUTLET KOZUMI KVM SWITCH 2 PORT KS-2KVM,5920.453,redes
NEXXT ROUTER N NYX1200-AC WIRELESS 1200MBP,14996.938,redes
NOGANET CABLE LIGHTNING 1.8 L17,713.845,redes
INTELLINET PATCH C5 UTP 1.0M GRIS,608.63,redes
D-LINK PCI-EXPRESS BUS 32-BIT 10/100 1000MBPS DGE-560T,7410.425,redes
D-LINK AC1200 DUAL BAND WHOLE HOME MESH WI-FI S COVR-1102,35858.328,redes
D-LINK WIRELESS NETWORK ADAPTER AC1200 USB 3.0 DWA-185,9601.097,redes
D-LINK WIRELESS AC1200 DUAL BAND DWA-182,9217.054,redes
D-LINK SWITCH 24 10/1000 DWS-3024L,804166.825,redes
ARWEN JACK RJ45 UTP C5 AUTOCRIMP WHITE,633.941,redes
D-LINK ROUTER DIR-825M ac1200 MU-MIMO GIGABIT ROUTER WITH USB,15762.032,redes
D-LINK ONE PORTE 1000 BASE DEM-410CX,100941.401,redes
NEXXT ROUTER N AMP300 WIRELESS 300MBPS 4P,9629.411,redes
D-LINK WIRELESS N150 MICRO USB ADAPTER DWA-121,2861.397,redes
OUTLET NEXXT ADAPTADOR LYNX 301 WIRELESS 300 USB,4154.26,redes
CABLE UTP SFX CAT5 305M EXTERIOR,27133.843,redes
D-LINK WIRELESS N300 PCI EXPRESS DESKTOP ADAPTER DWA-548,5544.297,redes
CABLE UTP SFX CAT6 305M EXTERIOR,39660.522,redes
PLAYSTATION PS5 HW CFI-115A STANDARD + GTA V + HORIZON FORBIDDEN WEST PS4,453469.346,gamer
PLAYSTATION PS5 CF1-1115A HORIZON FORBIDDEN WEST BUNDLE,497237.356,gamer
JUEGO PLAYSTATION FIFA 21,12769.504,gamer
PES 2020 PARA PS4,9044.684,gamer
PLAYSTATION PS5 GOD OF WAR RAGNAROK BUNDLE,460525.505,gamer
PES 2019 PARA PS4,5625.488,gamer
PLAYSTATION PS5 HW CFI-115A STANDARD,452247.554,gamer
CONSOLA XBOX SERIES S 512GB,258851.065,gamer
JUEGO PLAYSTATION PS4 NBA 2K21,8402.9,gamer
CROMINK TONER ALT. HP CB542A AMARILLO,7680.838,impresion
CROMINK TONER ALT. HP CE312A AMARILLO,6271.155,impresion
CROMINK TONER ALT. HP CE312A/ CF352A AMARILLO,4177.327,impresion
CROMINK TONER ALT. HP CE322A AMARILLO,8233.423,impresion
CROMINK TONER ALT. HP CC532A AMARILLO,9019.494,impresion
CROMINK TONER ALT. HP Q6002A AMARILLO,11128.524,impresion
EPSON TINTA ORIGINAL IMPRESORA L8180 L8160 YELLOW INK BOTTLE,3915.032,impresion
BISWAL TONER ALT. HP CF280A,3843.433,impresion
CROMINK TONER ALT. HP CE313A/ CF353A MAGENTA,4177.327,impresion
CROMINK TONER ALT. HP CB543A MAGENTA,7680.838,impresion
CROMINK TONER ALT. HP CC533A MAGENTA,9019.494,impresion
CROMINK TONER ALT. HP CE323A MAGENTA,8233.423,impresion
CROMINK TONER ALT. HP Q6003A MAGENTA,11128.524,impresion
OUTLET CROMINK TONER ALT. HP Q7551A BLACK,5567.243,impresion
BISWAL TONER ALT. HP CB436A,2798.07,impresion
CROMINK TONER ALT. HP CE310A/ CF350A BLACK,4069.659,impresion
CROMINK TONER ALT. HP Q7551A BLACK,6975.705,impresion
CROMINK TONER ALT. HP CC530A BLACK,9799.757,impresion
CROMINK TONER ALT. BROTHER TN-360 BLACK,4549.743,impresion
CROMINK TONER ALT. SAMSUNG MLT-D108S BLACK,6507.028,impresion
CROMINK TONER ALT. HP CF281A BLACK,11973.566,impresion
CROMINK TONER ALT. SAMSUNG MLT-D103L BLACK,7319.488,impresion
CROMINK TONER ALT. SAMSUNG MLT-D203L BLACK,12607.826,impresion
CROMINK TONER ALT. HP CB540A BLACK,8414.164,impresion
CROMINK TONER ALT. HP CE311A CYAN,6565.768,impresion
CROMINK TONER ALT. HP Q6001A CYAN,11058.531,impresion
CROMINK TONER ALT. HP CE321A CYAN,8233.423,impresion
CROMINK TONER ALT. HP CB541A CYAN,7680.838,impresion
CROMINK TONER ALT. HP CC531A CYAN,9019.494,impresion
CROMINK TONER ALT. HP CE311A/ CF351A CYAN,4177.327,impresion
BROTHER TONER TN2370,18138.857,impresion
EPSON TINTA ORIGINAL IMPRESORA L8180 L8160 CYAN INK BOTTLE,3915.032,impresion
EPSON TINTA ORIGINAL IMPRESORA L8180 L8160 MAGENTA INK BOTTLE,3915.032,impresion
CROMINK TONER ALT. SAMSUNG MLT-D101S BLACK,6507.028,impresion
CROMINK TONER ALT. HP CE320A BLACK,9019.494,impresion
CROMINK TONER ALT. SAMSUNG ML1610 BLACK,4809.618,impresion
CROMINK TONER ALT. HP CF280A BLACK,5797.979,impresion
CROMINK TONER ALT. HP Q5942A BLACK,14108.622,impresion
CROMINK TONER ALT. HP Q6000A BLACK,11128.524,impresion
CROMINK TONER ALT. SAMSUNG MLT-D115L BLACK,11770.209,impresion
CROMINK TONER ALT. HP Q7553/ 5949A BLACK,3685.825,impresion
CROMINK TONER ALT. HP Q7553A BLACK,4797.98,impresion
BROTHER INSUMO BT6001BK SC BLACK,3135.979,impresion
BROTHER TONER TN3479,34311.123,impresion
CROMINK CARTUCHO ALT. EPSON T2962,3024.131,impresion
CROMINK CARTUCHO ALT. HP 951XLY,1328.877,impresion
CROMINK CARTUCHO ALT. HP 564XLB,645.81,impresion
CROMINK CARTUCHO ALT. HP 951XLC,1328.877,impresion
CROMINK CARTUCHO ALT. HP 950XLB,1496.539,impresion
CROMINK CARTUCHO ALT. EPSON T1964,925.243,impresion
CROMINK CARTUCHO ALT. EPSON T0901,279.433,impresion
CROMINK CARTUCHO ALT. EPSON T1962,925.243,impresion
CROMINK CARTUCHO ALT. EPSON T0115,279.433,impresion
CROMINK CARTUCHO ALT. EPSON T1331,254.595,impresion
CROMINK CARTUCHO ALT. EPSON T1963,925.243,impresion
CROMINK CARTUCHO ALT. EPSON T2964,3024.131,impresion
CROMINK CARTUCHO ALT. EPSON T2963,3024.131,impresion
CROMINK CARTUCHO ALT. HP 951XLM,1328.877,impresion
BROTHER TONER TN1060,13766.159,impresion
BROTHER INSUMO BTD60BK SC BLACK,3232.581,impresion
WATER COOLER ASUS ROG STRIX LC 120 AIO COOLER,113738.174,coolers
WATER COOLER GIGABYTE AORUS WATERFORCE X360,215447.771,coolers
WATER COOLER ASUS ROG RYUO 120 AIO COOLER AURASYNC,153610.149,coolers
WATER COOLER GIGABYTE AORUS WATERFORCE 280,154295.46,coolers
COOLER SENTEY GABINETE 80MM BLACK,3607.318,coolers
WATER COOLER GIGABYTE AORUS WATERFORCE X240,177506.263,coolers
WATER COOLER GIGABYTE AORUS WATERFORCE X280,195585.225,coolers
OUTLET WATER COOLER ASUS ROG RYUO 120 AIO COOLER AURASYNC,144622.313,coolers
COOLER GIGABYTE AORUS 120 ARGB,22138.347,coolers
DISCO SSD EXT USB 500GB SEAGATE ONE TOUCH BLACK,41407.718,discos
DISCO SSD EXT USB 1TB SEAGATE ONE TOUCH BLACK,67283.843,discos
DISCO EXTERNO ADATA HV300 5 TB 3.1 BLACK,90309.604,discos
DISCO HDD EXTERNO 2TB SEAGATE FIRECUDA GAMING RGB USB,42397.388,discos
OUTLET DISCO HDD SEAGATE S 500 GB S-ATA FIRECUDA NOTEBOOK,16508.613,discos
OUTLET DISCO HDD TOSHIBA 500 GB S-ATA NOTEBOOK,23643.576,discos
DISCO HDD TOSHIBA 4 TB NAS 7200 S-ATA 128MB,76112.19,discos
DISCO HDD 2 TB SEAGATE IRONWOLF NAS 64MB,38612.64,discos
DISCO HDD 2TB WD BLUE SATA,24721.961,discos
OUTLET DISCO HDD SEAGATE 1 TB 5400 S-ATA NOTEBOOK,13757.172,discos
OUTLET DISCO HDD SEAGATE BARRACUDA 1 TB 5400 S-ATA NOTEBOOK,16852.539,discos
ACCESORIOS ADATA CARRY GABINETE P/SSD ED600 BLACK,9287.685,discos
DISCO SSD PATRIOT BURST ELITE SOLID 240 GB SATA3 PE000776,10842.062,discos
DISCO SSD PATRIOT BURST ELITE SOLID 480 GB SATA3  PE00077,16209.237,discos
DISCO SSD 2TB GIGABYTE AORUS RAID PCI E NVME GEN 3.0x8,270866.266,discos
DISCO SSD M.2 240GB WD GREEN SN350,12088.802,discos
DISCO SSD ADATA 2TB XPG GAMMIX S70B CS M.2,143624.91,discos
DISCO SSD ADATA 512 GB SPECTRIX XPG S40G GEN 3X4 M.2 2280,38673.294,discos
DISCO SSD M.2 1TB WD BLUE SN570,44682.99,discos
DISCO SSD GIGABYTE AORUS PCI EXPRESS CARD 3D 2TB,426949.237,discos
DISCO SSD ADATA XPG GAMMIX S5 M.2 256GB BOX,20209.915,discos
DISCO SSD SATA 240 GB WD GREEN,11751.124,discos
DISCO SSD ADATA 1TB XPG GAMMIX S70B CS M.2,73640.402,discos
DISCO SSD M.2 1TB WD GREEN SN350,38248.573,discos
DISCO SSD M.2 1TB WD BLACK SN850X HEATSINK,97511.414,discos
DISCO SSD NETAC N535N M.2 2280 SATAIII 3D NAND 128 GB,7612.066,discos
DISCO SSD ADATA SU650 2.5 120 GB,8511.448,discos
DISCO SSD ADATA SU650 2.5 240 GB,13081.2,discos
DISCO SSD GIGABYTE M30 512GB M2,41184.759,discos
DISCO SSD ADATA 500 GB M.2 2280 SWORDFISH,27267.35,discos
DISCO SSD NETAC NV3000RGB M.2 2280 3D NAND 500GB E4X,28539.379,discos
DISCO SSD PATRIOT P300 512 GB M.2 2280 PCIE,19829.656,discos
DISCO SSD NETAC N930E PRO PCLE 3X4 M.2 2280 NVME 3D NAND 512 GB,27034.909,discos
DISCO SSD ADATA SU650 2.5 960GB,42522.799,discos
DISCO SSD PATRIOT P300 128 GB M.2 2280 PCIE GEN3 X4 PE000710,8934.915,discos
DISCO SSD GIGABYTE M.2 500GB PCI-E,24282.412,discos
DISCO SSD GIGABYTE AORUS RGB  M.2 256GB,28391.055,discos
DISCO SSD M.2 250GB WD BLACK SN750,27829.01,discos
DISCO SSD SATA 480 GB WD GREEN,17745.695,discos
DISCO SSD GIGABYTE M.2 128 GB NVME,9181.788,discos
DISCO SSD M.2 500GB WD BLACK SN770 NVME PCIE GEN4 X4,30786.558,discos
DISCO SSD PATRIOT P310 240 GB M.2 2280 RETAIL,11797.247,discos
DISCO SSD NETAC SA500 2.5 SATA3 480 GB,16109.874,discos
DISCO SSD NETAC SA500 2.5 SATA3 240 GB,10570.604,discos
DISCO SSD NETAC SA500 2.5 SATA3 1TB,31428.826,discos
DISCO SSD NETAC SA500 2.5 SATA3 120 GB,6875.836,discos
DISCO SSD ADATA 512GB XPG GAMMIX S70B CS M.2,46514.886,discos
DISCO SSD PATRIOT P210 SOLID 1TB SATA3,28632.12,discos
DISCO SSD M.2 500GB WD BLACK SN850,54652.059,discos
DISCO SSD PATRIOT P300 512 GB M.2 2280 PCIE GEN3 X4 PE000691,19460.936,discos
DISCO SSD GIGABYTE 120 GB,7724.156,discos
DISCO SSD PATRIOT BURST ELITE SOLID 120 GB SATA3 PE000775,7156.853,discos
DISCO SSD 500GB M.2 SEAGATE FIRECUDA 530 NVME PCIe-4x4 PS5,73048.723,discos
DISCO SSD M.2 1TB WD BLACK SN850X,82790.928,discos
DISCO SSD M.2 1TB WD BLACK SN770 NVME PCIe Gen4 x4,53199.74,discos
DISCO SSD M.2 250GB WD BLACK SN770 NVME PCIE GEN4 X4,28010.675,discos
DISCO SSD GIGABYTE M.2 256 GB NVME,12967.922,discos
DISCO SSD ADATA XPG 1 TB 8100 M.2 2280,59489.155,discos
DISCO SSD ADATA 1 TB SPECTRIX XPG S40G GEN 3X4 M.2 2280,72827.04,discos
DISCO SSD NETAC N535N M.2 2280 SATAIII 3D NAND SSD 512 GB,20538.584,discos
DISCO SSD NETAC N535N M.2 2280 SATAIII 3D NAND SSD 256 GB,11874.291,discos
DISCO SSD PATRIOT VP4100 2TB M.2 PCIE GEN 4 X4 WITH HEATSHIELD,124364.856,discos
DISCO SSD M.2 500GB WD BLUE SN570,22478.907,discos
DISCO SSD NETAC NV3000 M.2 2280 3D NAND 1TB,37484.084,discos
DISCO SSD PATRIOT P210 SOLID 512GB SATA3,18426.606,discos
DISCO SSD GIGABYTE 240 GB,11691.097,discos
DISCO SSD ADATA 500GB SPECTRIX S20G M.2,32328.736,discos
DISCO SSD ADATA 2 TB XPG GAMMIX LITE S50 M.2,154544.665,discos
DISCO SSD ADATA SU630 2.5 480 GB,18784.172,discos
DISCO SSD ADATA 2 TB XPG GAMMIX LITE S50 M.2 S,139979.257,discos
DISCO SSD ADATA SU650 2.5 256 GB,15148.529,discos
DISCO SSD GIGABYTE M.2 1TB PCI-E,46326.071,discos
OUTLET NOGANET PLACA USB 2.0,3001.57,accesorios
ALPS FLOPPY 1.44 3 1/2,509.641,accesorios
LILIANA BATIDORA MANUAL SHAKE 450W BLANCO,10116.667,electro
LILIANA EXPRIMIDOR CITRIJUG,6930.341,electro
LILIANA EXPRIMIDOR DE CITRICOS 40W C/DECO A INOX,9348.042,electro
LILIANA PAVA  ELECTRICA MATERA 85 NEGRA,10283.636,electro
LILIANA VENTILADOR TECHO 4 ASPAS CHAPA C/LUZ VTHB114,23368.972,electro
LILIANA CALOVENTOR MINISOL 1000/2000W NEGRO,6073.727,electro
LILIANA CALOVENTOR BLACKSUN C/FORZ 1200/2400W 1000/2000W NEGRO,8282.879,electro
LILIANA PLANCHA SECA ROCIO BASE ADHERENTE CON ROCIADOR,6954.618,electro
LILIANA LUSTRA ASPIRADORA CON LUZ ROJA,24711.126,electro
LILIANA VENTILADOR PIE 20 PARRILLA CROM COMANDO DIGITAL ASPAS METAL VPD20R,27644.507,electro
LILIANA VENTILADOR TURBO RECLINABLE 10 40W GRIS VTHD10G,8005.569,electro
PEABODY TERMO ELECTRICO NEGRO ET1000N,29523.076,electro
LILIANA VENTILADOR PARED 24 120W PARR METAL NEGRA ASPAS PLAST NEGRAS VW2416,23705.341,electro
LILIANA VENTILADOR PIE 18 PARRILLA CROM COMANDO DIGITAL C/R+TIMER VPD18R,23882.727,electro
LILIANA COCINA ELECTRICA KITCHINET 1500W NEGRO,21239.559,electro
LILIANA BATIDORA MANUAL VUELTY 300W NEGRO,14328.413,electro
SMARTLIFE HORNO ELECTRICO 40LTS,36264.569,electro
LILIANA COCINA ELECTRICA KITCHINET MAXIMO 1500W NEGRO,18776.12,electro
LILIANA TOSTADORA TOSTLER,9923.408,electro
LILIANA VENTILADOR TECHO 5 ASPAS MADERA C/LUZ,38108.928,electro
LILIANA TURBO VENTILADOR GRIS 3 ASPAS RECLINABLE VTHD16G,36871.274,electro
SMARTLIFE CAFETERA DE FILTRO SL-CM9402,10456.457,electro
LILIANA PANEL DE VIDRIO HOTGLASS 800/1400/2200W,20191.446,electro
LILIANA VENTILADOR PIE 18 PARRILLA CROM ASPAS METAL VPC18M,19348.164,electro
LILIANA ANAFE ELECTRICO 2 HORNALLA 1600 800W,17259.154,electro
LILIANA CALEFACTOR INFRARROJO COMPACT HOT 500/1000W BLANCO,7021.168,electro
LILIANA PROCESADORA MANUAL SLIMY 450W NEGRO,12896.433,electro
LILIANA MIXER RAIMBOW MIX 450W BLANCO AAH101B,12735.866,electro
LILIANA CAFETERA CON TIMER COFIX COLOR,13301.013,electro
LILIANA SANDWICHERA MASTERTOST NEGRO,14430.009,electro
LILIANA PLANCHA A VAPOR BASE CERAMICA RPV301,10831.062,electro
LILIANA TURBO VENTILADOR OSC. 18 ORBITAL ASPAS PLASTICAS C/REPELER VOTR18,17311.415,electro
LILIANA TURBO VENTILADOR RECL. 18 ASPAS NEGRAS VTF18P,11347.182,electro
SMARTLIFE TOSTADORA SL-TO1301W,8067.103,electro
ASPEN BALANZA DIGITAL PERSONAL B010,4292.717,electro
LILIANA VENTILADOR TECHO 4 ASPAS 5 VEL 1.20M 80W C/LUZ VTHM314,46221.054,electro
LILIANA VENTILADOR DE PIE 20 PARR MET NEGRA ASPAS METAL ORB+REP+COOLBREZZE VPM2016CB,26809.816,electro
PEABODY LICUADORA 800W BLANCO LN800B,23224.927,electro
LILIANA VENTILADOR TURBO RECLINABLE 10 3 ASPAS T TREBOL PIE/PARED VTF10P,7189.083,electro
PEABODY SANDWICHERA SW6141,23899.348,electro
LILIANA ASPIRADORA ALLCLEAN 1600W GRIS,34459.172,electro
LILIANA PURIFICADOR DE AIRE PURIFY 100W,37220.997,electro
LILIANA VENTILADOR PIE 20 PARRILLA CROM ASPAS METAL VPC20B,23175.845,electro
LILIANA CAFETERA CON FILTRO PERMANENTE 1.25 L AAC950,8813.761,electro
LILIANA VENTILADOR PIE 20 PARRILLA METALICA NEGRA ASPAS PLASTICAS VPRN20,19181.371,electro
LILIANA VENTILADOR PIE 22 PARR MET CROM-BARRAL CROM 3ASPAS T-DOBLE ROD VPC22,27240.554,electro
PEABODY JARRA ELECTRICA CON TERMOMETRO ROJO KV8215R,23899.348,electro
LILIANA VENTILADOR DE PIE 32 INDUS VPI32,32792.617,electro
LILIANA CALOVENTOR ZONDA DOBLE POSICION BORDO,8282.879,electro
LILIANA VENTILADOR TECHO INDUSTRIAL 3 ASPAS METAL 90W LUZ LED VTHI513,24440.064,electro
LILIANA BATIDORA PLANETARIA PRETTYBAT,38388.229,electro
LILIANA CAFETERA CON TIMER SMARTY CROMADO,15820.794,electro
LILIANA VENTILADOR PIE 16 ASPAS NEGRAS OSCILANTE VP16P,16338.124,electro
LILIANA LICUADORA LICUAPIC NEGRO,11791.241,electro
LILIANA VENTILADOR DE PIE 25 PARR METAL NEGRA ASPAS METAL OSC+RECLIN+COOLBREZZE VP25MCB,36070.573,electro
SMARTLIFE BATIDORA DE PIE SL-HMR5035IXPN,15709.441,electro
SMARTLIFE BATIDORA DE MANO SL-HM1035PN,10992.036,electro
LILIANA PURIFICADOR DE AIRE PURIFY PLUS 200W,49255.294,electro
OUTLET LILIANA PANEL DE VIDRIO DE PIE/PARED HOTDECO 1200/2000W PPV500,60463.645,electro
OUTLET LILIANA LICUADORA WHITELIC BLANCO,15955.489,electro
LILIANA VENTILADOR DE PIE 32 INDUS COOLBREZZE VPI32CB,40734.122,electro
XIAOMI ASPIRADORA MI ROBOT VACUUM-MOP2 LITE,112365.715,electro
LILIANA PLANCHA VAPOR/ROCIADOR Y BASE,13912.965,electro
LILIANA PURIFICADOR DE AIRE PURIFY SLIM 200W BLANCO,37220.997,electro
LILIANA VERTICALEFACTOR INFRARROJO CV026 600/1200W,5833.311,electro
LILIANA VENTILADOR TECHO ASPAS OCULTAS TRANSP 6VEL 60W LUZ LED VTHA604,43789.262,electro
LILIANA PROCESADORA MANUAL STARMIX 850W NEGRO/ACERO,19562.741,electro
OUTLET LILIANA ASPIRADORA ALLCLEAN 1600W GRIS,40478.977,electro
PEABODY WAFFLERA WM186,12651.947,electro
LILIANA LUSTRA ASPIRADORA GRIS,22837.221,electro
LILIANA PURIFICADOR DE AIRE PURIFY SLIM 100W,24813.591,electro
LILIANA VENTILADOR PIE 18 PARRILLA METALICA NEGRA ASPAS PLASTICAS VPRN18,18214.306,electro
LILIANA VENTILADOR DE PIE 25 PARRILLA METALICA NEGRA  ASPAS METAL VP25M,28225.241,electro
LILIANA EXPRIMIDOR DE CITRICOS EXPRIMIX,12366.156,electro
LILIANA PROCESADORA MANUAL RAINBOW MIXER 450W ROJO,12762.783,electro
LILIANA VENTILADOR PIE 20 PARRILLA METAL ASPAS PLASTICAS VPRN20,21424.887,electro
LILIANA VENTILADOR TURBO CON DIFUSOR 12 5 ASPAS TRANSP.,12701.942,electro
LILIANA LICUADORA FRUTALIC VASO DE 1.8L,13329.789,electro
LILIANA MULTIPROCESADORA WONDERPROS 800W BEGRO,35574.264,electro
MOULINEX TOSTADORA VITA 7NIV. 720W ROJA,8945.31,electro
PEABODY BATIDORA DE MESA 100W ROJA BM101R,46634.28,electro
LILIANA VENTILADOR TURBO OPTIMIZADO 12 55W 3VEL VTC12,8005.569,electro
PEABODY RALLADOR ELECTRICO VERDE PE-SM326V,18572.829,electro
PEABODY BATIDORA DE MANO ROJA HM550R,12549.086,electro
LILIANA PROCESADORA MANUAL TWISTMIX 450W ROJO,17708.009,electro
LILIANA TURBO VENTILADOR RECL. 20 PARRILA CROMADA ASPAS MET.TR-REPELER,19641.413,electro
LILIANA LICUADORA WHITELIC BLANCO,13685.485,electro
LILIANA PAVA ELECTRICA MATERA REGULADOR TEMP BLANCA,11685.168,electro
LILIANA CALEFACTOR INFRARROJO SPINHOT 700/1400W C/GIRO,12210.77,electro
LILIANA TURBO VENTILADOR OSC. 20 ORBITAL ASPAS METALICAS C/REPELER VOTR20,22115.379,electro
LILIANA VENTILADOR TURBO RECLINABLE 10 40W ROJO VTHD10R,8005.569,electro
FUENTE GAMER AUREOX 600W PSU,17509.712,fuentes
FUENTE GAMER GIGABYTE 850W MODULAR 80 PLUS GOLD,65140.845,fuentes
OUTLET FUENTE SFX 520W SATA COOLER,3549.667,fuentes
OUTLET FUENTE SFX 500W 20+4 SATA,5336.595,fuentes
OUTLET FUENTE GAMER EVGA 600W 80 PLUS GOLD,25013.186,fuentes
FUENTE GAMER THERMALTAKE TR2 500W,25613.786,fuentes
FUENTE GAMER EVGA 850W SUPERNOVA GOLD,73007.209,fuentes
FUENTE GAMER GIGABYTE 750W MODULAR 80 PLUS GOLD,52949.424,fuentes
FUENTE GAMER GIGABYTE 450W 80 PLUS,24990.878,fuentes
FUENTE GAMER EVGA 600W BR 80 BRONZE,33794.398,fuentes
FUENTE GAMER THERMALTAKE SMART RGB 500W 80 PLUS,36342.647,fuentes
FUENTE GAMER GIGABYTE AORUS 1200W MODULAR 80 PLUS PLATINUM,287849.386,fuentes
FUENTE GAMER THERMALTAKE SMART WHITE 600W 80 PLUS,33737.682,fuentes
FUENTE GAMER THERMALTAKE SMART RGB 700W 80 PLUS,49306.224,fuentes
OUTLET FUENTE GENERICA 500W,4131.677,fuentes
OUTLET FUENTE GAMER GIGABYTE 550W 80 PLUS,22055.495,fuentes
OUTLET FUENTE GAMER GIGABYTE 850W MODULAR 80 PLUS GOLD,44861.377,fuentes
OUTLET FUENTE GAMER EVGA 500W 80+ WHITE,17914.534,fuentes
FUENTE GAMER THERMALTAKE SMART RGB 600W 80 PLUS,40740.964,fuentes
FUENTE GAMER EVGA 700W BR 80 BRONZE,40922.563,fuentes
FUENTE GAMER THERMALTAKE TR2 600W,28086.85,fuentes
OUTLET FUENTE GAMER GIGABYTE 750W MODULAR 80 PLUS GOLD,44181.863,fuentes
FUENTE GAMER EVGA 500W BR 80 BRONZE,27429.534,fuentes
FUENTE GAMER GIGABYTE 550W 80 PLUS,31401.04,fuentes
FUENTE GAMER THERMALTAKE SMART WHITE 700W 80 PLUS,39449.883,fuentes
FUENTE GAMER EVGA 500W 80+ WHITE W2,24897.158,fuentes
OUTLET FUENTE GAMER EVGA 750W GQ GOLD,46643.245,fuentes
FUENTE GAMER GIGABYTE 1000W PG5/PSU,129550.322,fuentes
FUENTE AUREOX 500W ARXGP 500,15430.525,fuentes
FUENTE GAMER GIGABYTE AORUS 850W MODULAR 80 PLUS GOLD,77534.193,fuentes
FUENTE GAMER GIGABYTE 1000W MODULAR 80 PLUS GOLD,86149.8,fuentes
FUENTE GAMER EVGA 750W GQ GOLD,64645.9,fuentes
OUTLET FUENTE GAMER EVGA 600W 80+ WHITE W2,17954.387,fuentes
FUENTE GAMER EVGA 750W SUPERNOVA GOLD MODULAR,63458.978,fuentes
FUENTE GAMER AUREOX 550W BRONZE 80+PSU,21300.147,fuentes
FUENTE GAMER GIGABYTE 650W 80 PLUS BRONZE,39637.796,fuentes
OUTLET FUENTE GAMER EVGA 850W SUPERNOVA GOLD,54053.934,fuentes
FUENTE AUREOX 500W ARXE-500,7960.821,fuentes
FUENTE GAMER AUREOX 650W BRONZE 80+PSU,24856.777,fuentes
OUTLET FUENTE GAMER THERMALTAKE TR2 600W,18330.367,fuentes
FUENTE SFX 500W 20+4 SATA,3301.331,fuentes
FUENTE GAMER THERMALTAKE SMART WHITE 500W 80 PLUS,30238.967,fuentes
OUTLET FUENTE GAMER THERMALTAKE SMART WHITE 500W 80 PLUS,18049.064,fuentes
FUENTE GAMER GIGABYTE AORUS 750W MODULAR 80 PLUS GOLD,70792.909,fuentes
FUENTE GAMER EVGA 1000W GQ GOLD v8,97732.184,fuentes
OUTLET FUENTE SENTEY STY-450 PS/PC,8440.619,fuentes
OUTLET FUENTE GAMER EVGA 700W BR 80 BRONZE,27768.884,fuentes
GABINETE SFX KIT 782 BLACK,20898.152,gabinetes
GABINETE SFX RACKEABLE 2U550 SERVER SERVIDORES,30801.221,gabinetes
GABINETE SFX KIT 783 BLACK,20898.152,gabinetes
OUTLET GABINETE SFX RACKEABLE 2U550,17063.585,gabinetes
GABINETE GAMER GIGABYTE AORUS AC700G,242282.612,gabinetes
GABINETE GAMER AUREOX HYDRA PLUS ARX 335G,31685.995,gabinetes
GABINETE GAMER AUREOX HEBE ARX 340G,24329.184,gabinetes
GABINETE GAMER AUREOX LYNX V2 ARX395G,28474.039,gabinetes
GABINETE GAMER AUREOX PICTOR ARX370G,25744.675,gabinetes
OUTLET GABINETE THERMALTAKE H100 TG BLACK BLUE LED,17159.516,gabinetes
OUTLET GABINETE GAMER THERMALTAKE S500 TG BLACK TEMP GLASS,55498.949,gabinetes
OUTLET GABINETE GAMER THERMALTAKE VIEW 27 BLACK RIING 12 RED,16977.103,gabinetes
GABINETE GAMER AUREOX ALBORYX ARX 310G,20687.48,gabinetes
GABINETE GAMER AUREOX EUPHORY ARX 300G,22342.122,gabinetes
OUTLET GABINETE GAMER RAIDMAX H702TBF,18613.463,gabinetes
GABINETE GAMER RAIDMAX H702TBF,34350.294,gabinetes
GABINETE GAMER AUREOX ORION ARX350G,21783.113,gabinetes
OUTLET GABINETE GAMER THERMALTAKE V250 TG ARGB BLACK TEMP GLASS,31960.423,gabinetes
GABINETE GAMER AUREOX LYNX ARX390G,29234.898,gabinetes
GABINETE GAMER RAIDMAX F01 RGB,32294.471,gabinetes
GABINETE GAMER GIGABYTE C200G,48255.163,gabinetes
OUTLET GABINETE GAMER RAIDMAX F01 RGB,17660.775,gabinetes
GABINETE GAMER RAIDMAX X616TBF,32510.456,gabinetes
GABINETE THERMALTAKE V150 TG BLACK TEMPERED GLASS,31353.85,gabinetes
GABINETE GAMER GIGABYTE AORUS AC300G,71075.191,gabinetes
OUTLET GABINETE THERMALTAKE H350 TG RGB BLACK TEMPERED GLASS,20872.61,gabinetes
GABINETE THERMALTAKE H550 TG RGB BLACK TEMP GLASS,56060.488,gabinetes
GABINETE GAMER RAIDMAX H704TBS,19347.592,gabinetes
GABINETE THERMALTAKE H350 TG RGB BLACK TEMPERED GLASS,35596.693,gabinetes
GABINETE GAMER AUREOX NEREID ARX 320G,23021.658,gabinetes
SCAN BROTHER DS MOVILE 640 USB,59968.59,impresion
IMPRESORA EPSON MULTIFUNCION MF L3250 ECO TANK,163198.233,impresion
IMPRESORA EPSON MULTIFUNCION MF L3210 ECO TANK,122488.762,impresion
IMPRESORA HP MULTIFUNCION IT315 INK TANK,91447.048,impresion
SCAN BROTHER ADS 1250W,111560.086,impresion
IMPRESORA PANTUM LASER P2509W MONOCROMATICA,58478.772,impresion
IMPRESORA BROTHER MULTIFUNCION T220 + INSUMOS REPUESTOS,128041.056,impresion
IMPRESORA HP MULTIFUNCION IT 415  WIFI INK TANK,101496.417,impresion
JOYSTICK PS5 DUAL SENSE NOVA PINK LATAM,36633.795,gamer
JOYSTICK PS4 SONY DUALSHOCK 4 BLACK,30237.009,gamer
PS5 CAMERA LATAM,23048.41,gamer
JOYSTICK PS4 SONY DUALSHOCK 4 MAGMA RED,37130.929,gamer
JOYSTICK PS4 SONY DUALSHOCK 4 MIDNIGHT BLUE,32427.681,gamer
MEMORIA NETAC SHADOW DDR4 3200 8GB C16 BLUE,21054.231,rams
MEMORIA PATRIOT SIGNATURE LINE DDR5 8GB 4800MHZ UDIMM PS001618,32698.303,rams
MEMORIA PATRIOT SIGNATURE LINE DDR4 16 GB 3200 MHZ PS001558,31774.699,rams
OUTLET MEMORIA KINGSTON DDR3 CL9 2 GB 1333 MHZ,9098.496,rams
OUTLET MEMORIA NETAC BASIC DDR4 SODIMM 16GB 2666 C19,19576.084,rams
MEMORIA GSKILL TRIDENT Z NEO PC4 28800 DDR4 16 GB 3600 MHZ 2X8 GTZNC,102850.517,rams
MEMORIA PATRIOT SIGNATURE LINE SODIMM DDR4 4 GB 2666 MHZ CL19 PS001550,10890.055,rams
OUTLET MEMORIA GSKILL SNIPER X PC4 DDR4 16GB 3600 2X8 28800 C19,32188.783,rams
MEMORIA PATRIOT VIPER STEEL SERIES 16 GB DDR4 3200 PE000639,38373.324,rams
MEMORIA PATRIOT DDR4 V4S VIPER STEEL SERIES 16 GB DDR4 3200 RGB BLACK PE000786,38720.198,rams
MEMORIA PATRIOT V4S VIPER STEEL SERIES  8GB DDR4 3200 RGB BLACK PE000785,24506.658,rams
MEMORIA NETAC BASIC DDR4 DIMM 8GB 3200 C16,22181.753,rams
MEMORIA GSKILL TRIDENT Z ROYAL DDR4 16 GB 3600 RGB SILVER 2X8 1.35,89822.788,rams
MEMORIA GSKILL TRIDENT Z ROYAL DDR4 16 GB 3600 RGB GOLD 2X8 1.35,91774.925,rams
MEMORIA PATRIOT V4S RGB 16GB 2X8 3600MHZ CL20 VIPER STEEL RGB BLACK PE000794,56390.631,rams
MEMORIA PATRIOT SIGNATURE LINE DDR4 8 GB 3200 MHZ PS001556,22336.149,rams
MEMORIA PATRIOT V4S VIPER 4 STEEL SERIES CL18 UDIMM 8 GB DDR4 3600 PE000774,24623.621,rams
MEMORIA PATRIOT DDR4 VIPER ELITE 2 8GB 3200 MHZ CL18 RED/BLK PE000830,26091.67,rams
MEMORIA NETAC SHADOW DDR4 3200 8GB C16 GOLD YELLOW,21054.231,rams
MEMORIA NETAC SHADOW DDR4 3200 8 GB C16 GREY,21054.231,rams
MEMORIA PATRIOT V4S VIPER 4 STEEL SERIES CL16 8 GB DDR4 3000 PE000631,21995.655,rams
MEMORIA NETAC SHADOW RGB DDR4 3200 16 GB C16 GREY,43003.048,rams
OUTLET MEMORIA NOVATECH DDR3 2GB 1333 MHBOX,5003.108,rams
MEMORIA GSKILL RIPJAWS V SERIES DDR4 16GB 3600 2X8,47504.842,rams
MEMORIA GSKILL TRIDENT Z RGB PC4 28800 DDR4 16GB 3600 2X8 R,79271.533,rams
MEMORIA PATRIOT SIGNATURE LINE SODIMM DDR4 16GB 3200 MHZ PS001576,33517.165,rams
MEMORIA ADATA SODIMM DDR4 4 GB 2666 G19 SGN,11579.843,rams
MEMORIA PATRIOT DDR4 V4S 8GB 3200MHZ CL16 VIPER 4 STEEL PE000638,23165.989,rams
MEMORIA NETAC SHADOW II DDR4 3600 8GB C18 BLACK,22713.757,rams
MEMORIA NETAC SHADOW II DDR4 3200 8GB C16 BLACK,21054.231,rams
MEMORIA NETAC SHADOW DDR4 3200 8GB C16 RED,21054.231,rams
MEMORIA GSKILL TRIDENT Z RGB PC4 16GB 4000 2X8 32000 DDR4 C18,91678.125,rams
MEMORIA NETAC SHADOW II DDR4 3200 8GB C16 WHITE,21054.231,rams
OUTLET MEMORIA GSKILL RIPJAWS V SERIES DDR4 16GB 3600 1X8,18384.586,rams
OUTLET MEMORIA GENERICA DDR3 2GB 1600,9248.569,rams
OUTLET MEMORIA PATRIOT SIGNATURE LINE DDR4 16 GB 3200 MHZ PS001558,16237.155,rams
OUTLET MEMORIA GENERICA DDR 1GB,7972.91,rams
OUTLET MEMORIA GENERICA DDR2 1GB 667,7972.91,rams
OUTLET MEMORIA GENERICA DDR2 1GB 800 MHZ,7972.91,rams
OUTLET MEMORIA GENERICA DDR 512MB,5421.581,rams
MEMORIA ADATA SODIMM DDR4 4 GB 2666 G19 TRAYNON SGN,10728.718,rams
MEMORIA GSKILL TRIDENT Z RGB PC4 16 GB 3600 2X8 28800 DDR4 C19,68518.604,rams
MEMORIA GSKILL TRIDENT Z DDR4 3200 16 GB 2X8 C16 RGB NEO,86717.103,rams
MEMORIA GSKILL TRIDENT Z DDR4 16 GB 3600 MHZ RGB NEO PC4 28800 2X8,72342.226,rams
MEMORIA PATRIOT SIGNATURE LINE DDR4 32 GB 3200 MHZ PS001564,88676.28,rams
MEMORIA PATRIOT V4S VIPER STEEL SERIES 8GB DDR4 3600 RGB BLACK HS PE000788,27305.806,rams
MEMORIA GSKILL TRIDENT Z PC4 25600 DDR4 16GB 3200 2X8,55135.938,rams
MEMORIA PATRIOT SIGNATURE LINE DIMM DDR5 16GB 4800MHZ PS001615,75761.851,rams
MEMORIA PATRIOT VIPER ELITE 2 16GB DDR4 3600 MHZ CL20 RED/BLK HS SGL PE000826,33146.542,rams
MEMORIA NETAC BASIC DDR4 SODIMM 16GB 3200 C22,31581.319,rams
MEMORIA PATRIOT SIGNATURE LINE DDR4 16 GB 3200 MHZ PS001574,31888.439,rams
MEMORIA NETAC BASIC DDR5 DIMM 16GB 4800 C40,46955.304,rams
OUTLET MEMORIA PATRIOT VIPER RGB 8GB 3600 MHZ CL18 BLK HS,20016.689,rams
MEMORIA NETAC SHADOW RGB DDR4 3200 8GB C19 GREY,20835.243,rams
PEN DRIVE PATRIOT SS RAGE ELITE 1 TB HIGH PERFORMANCE USB,72178.414,memorias
MICROFONO RAZER SEIREN MINI ULTRA MERCURY,30393.594,microfonos
MICROFONO TRUST MICO USB,9763.842,microfonos
MICROFONO TRUST EMITA PLUS GXT252,66642.521,microfonos
OUTLET MICROFONO RAZER SEIREN PRO,44301.125,microfonos
MICROFONO RAZER SEIREN V2 PRO,91662.967,microfonos
OUTLET MICROFONO TRUST MADELL,7124.403,microfonos
MICROFONO TRUST BUZZ STREAMING GXT244,40343.974,microfonos
MICROFONO TRUST FYRU 4IN1 STREAMING MIC GXT258,68365.11,microfonos
MICROFONO TRUST LANCE GXT242,36152.765,microfonos
MICROFONO TRUST STARZZ,5291.407,microfonos
MICROFONO TRUST FYRU 4IN1 STREAMING MIC GXT258W WHITE,66032.439,microfonos
MICROFONO ESTRUCTURA MECANICA TRUST EMITA ARM GXT253,20212.489,microfonos
MICROFONO RAZER SEIREN BT,37369.167,microfonos
MICROFONO RAZER SEIREN MINI ULTRA QUARTZ,30393.594,microfonos
MICROFONO TRUST EXXO STREAMING GXT 256,58151.621,microfonos
OUTLET MICROFONO RAZER SEIREN MINI ULTRA MERCURY,17667.21,microfonos
MICROFONO RAZER SEIREN V2 X,59632.133,microfonos
MICROFONO TRUST EMITA USB GXT 252,58783.23,microfonos
MICROFONO RAZER SEIREN MINI ULTRA,30393.594,microfonos
MONITOR GAMER BENQ LED 27 ZOWIE XL2746K DARK GREY,582391.568,monitores
MONITOR GAMER BENQ LED 24 ZOWIE XL2411K R DARK GREY,143931.832,monitores
MONITOR GAMER GIGABYTE 32 G32QC-SA,393319.96,monitores
MONITOR SAMSUNG LED 19 A330N,56560.042,monitores
MONITOR ASUS VA24EHE 24 FHD 75HZ IPS,70996.255,monitores
MONITOR BENQ LED 25 MOBIUZ EX2510-S DARK GREY,247438.323,monitores
OUTLET MONITOR GAMER BENQ LED 24 ZOWIE XL2411K R DARK GREY,122287.946,monitores
OUTLET MONITOR PHILIPS LED 19 193V5LHSB2,55596.893,monitores
MONITOR LG LED 20 HDMI HD 20MK400H-B,63903.356,monitores
MONITOR SAMSUNG LED 27 T35F,94383.762,monitores
OUTLET MONITOR SAMSUNG 27 G55 GAMER ODYSSEY,157271.939,monitores
MONITOR BENQ LED 24 GW2480 24W BLACK,142084.888,monitores
MONITOR ASUS VA27EHE 27 FHD 75HZ IPS,97358.998,monitores
MONITOR SAMSUNG 24 GAMER G35 PLANO,121116.71,monitores
OUTLET MONITOR SAMSUNG LED 27 T350FH,87432.818,monitores
MONITOR ACER 24 V247Y,77536.184,monitores
MONITOR GAMER GIGABYTE LED 27 AORUS FI27Q-SA QUAL HD,412349.476,monitores
MONITOR SAMSUNG LED 32 CURVO R590 UHD,209375.573,monitores
MONITOR GAMER GIGABYTE 24 G24F-SA,141644.723,monitores
MONITOR BENQ LED 27 L EX2780Q METALLIC BROWN-BLACK,468683.083,monitores
MONITOR SAMSUNG LED 27 T350FH,84996.329,monitores
MONITOR BENQ LED 22 GW2283 BLACK,126378.164,monitores
MONITOR PHILIPS LED 24 241V8L,60498.218,monitores
MONITOR SAMSUNG FLAT19 CON HDMI,58386.427,monitores
MONITOR PHILIPS LED 27 mod 272v8la,73070.129,monitores
MONITOR LG ES LED 19 19M38A-B,58387.604,monitores
OUTLET MONITOR GAMER GIGABYTE 32 G32QC A-SA,217068.412,monitores
MONITOR SAMSUNG LED 32 T550FD,128215.637,monitores
MONITOR BENQ LED 27 GW2780 TPR BLACK,176308.858,monitores
MONITOR GAMER BENQ LED 27 ZOWIE XL2731K DARK GREY,309782.748,monitores
MONITOR GAMER BENQ LED 27 ZOWIE XL2731 N DARK GREY,296008.02,monitores
MONITOR SAMSUNG LED 24 CURVO G50 GAMER,99707.3,monitores
MONITOR SAMSUNG LED 24 CURVO CF390,93374.16,monitores
MONITOR SAMSUNG LED 27 CURVO F390,102483.194,monitores
MONITOR LG 34 ULTRA WIDE 34WP65C-B,353897.258,monitores
MONITOR GAMER GIGABYTE 27 G27FC A-SA CSOT,190339.743,monitores
MONITOR GAMER GIGABYTE 28 M28U-SA,436215.021,monitores
MONITOR LG ES LED 22 HDMI FULL HD 22MP410-B,80439.271,monitores
MONITOR LG LED 24 HDMI FULL HD 24MP400-B,77101.365,monitores
MONITOR GAMER GIGABYTE 27 G27F 2 AR,170622.243,monitores
OUTLET MONITOR BENQ LED 27 GW2780 L (CO) BLACK,128017.406,monitores
MONITOR GAMER GIGABYTE CURVO LED 27 AORUS CV27Q-SA,464602.831,monitores
OUTLET MONITOR GAMER BENQ LED 24.5 ZOWIE XL2546 DARK GREY 240HZ,318246.918,monitores
MONITOR BENQ LED 24 BL2420PT BLACK,265824.988,monitores
OUTLET MONITOR IQUAL FLAT 19 IQ19 BLACK,39592.916,monitores
AOC MONITOR LED PLANO GAMER 27 2790VX,121260.15,monitores
MONITOR SAMSUNG LED 22 T350HL,70877.708,monitores
MONITOR SAMSUNG LED 24 T35F,74352.707,monitores
MONITOR GAMER GIGABYTE LED 25 AORUS FI25F-SA,412659.709,monitores
OUTLET MONITOR IQUAL 23.6 IQ24H,53229.902,monitores
MONITOR SAMSUNG LED 24 T350H,68873.959,monitores
AOC MONITOR LED PLANO GAMER 24 2490VX,93833.564,monitores
GFAST MONITOR LED 21.5 1920X1080,43662.784,monitores
MONITOR LENOVO 19 HDMI VGA D19-10,63896.481,monitores
MONITOR GAMER BENQ LED 24.5 ZOWIE XL2546 K DARK GREY 240 HZ,454224.067,monitores
MONITOR PHILIPS LED 21.5  mod. 221V8,51678.275,monitores
MONITOR SAMSUNG LED 22 S33A PLANO,65441.794,monitores
MONITOR BENQ LED 22 L GW2283 BLACK,105497.205,monitores
MONITOR SAMSUNG 27 SMART MONITOR,133652.673,monitores
MONITOR SAMSUNG LED 24 G3 GAMER PLANO,110476.96,monitores
MONITOR SAMSUNG LED 27 G3 GAMER PLANO,133611.115,monitores
MONITOR BENQ WIDE LED 27 SW270C GREY,715691.119,monitores
MONITOR PHILIPS LED 19 193V5LHSB2,43755.756,monitores
MONITOR GAMER GIGABYTE 27 M27Q X-SA 1440P KVM,390482.455,monitores
MOTHER ASROCK (LGA1200) B560M PRO4,43463.387,mother
MOTHER ASROCK (LGA1200) H510 PRO BTC+ MINERIA PCI-Ex6,64124.698,mother
MOTHER ASROCK (LGA1200) H510M/AC WIFI,39715.962,mother
BAREBONE ASROCK DESKMINI B660W (LGA1700) STX SIN CPU,156854.896,mother
OUTLET MOTHER ASUS (AM4) PRIME B550M-K,35853.818,mother
OUTLET MOTHER ASUS (AM4) PRIME B550M-A AC,42916.478,mother
MOTHER ASUS (LGA1200) PRIME Z590-A,99596.442,mother
MOTHER ASUS (LGA1200) TUF GAMING Z590-PLUS WIFI,106940.339,mother
OUTLET MOTHER ASUS (AM4) PRIME A320M-K,26050.145,mother
MOTHER ASUS TUF GAMING Z690-PLUS WIFI D4,191338.543,mother
MOTHER ASUS (AM4) PRIME A520M-A II CSM,39611.913,mother
MOTHER ASUS (LGA1700) PRIME H610M-E D4,54615.231,mother
MOTHER ASUS (AM4) PRIME B550M-A,64484.189,mother
MOTHER ASUS (LGA1200) PRIME Z590-P,62868.916,mother
MOTHER ASUS (LGA1200) ROG STRIX Z590-E GAMING WIFI,141767.692,mother
MOTHER EVGA (LGA1200) Z490 FTW WiFi/BT,121811.965,mother
MOTHER GIGABYTE (AM4) B450M DS3H WIFI,52404.517,mother
MOTHER GIGABYTE (LGA1200) B560M DS3H AC,45120.438,mother
MOTHER GIGABYTE (AM5) B650M AORUS ELITE AX 1.1,157929.618,mother
MOTHER GIGABYTE (AM4) B550 AORUS PRO AC,97795.753,mother
MOTHER GIGABYTE (LGA1200) B560 AORUS PRO AX,74450.827,mother
MOTHER GIGABYTE (LGA1200) B560M AORUS PRO AX,73418.917,mother
OUTLET MOTHER GIGABYTE (AM4) X570 AORUS ELITE,83822.09,mother
MOTHER GIGABYTE (LGA1700) Z690 GAMING X DDR4 1.0,154361.471,mother
OUTLET MOTHER GIGABYTE (940) GA-MA790XT-UD4P,80420.626,mother
OUTLET MOTHER GIGABYTE (LGA1200) H510M S2H V2,28939.317,mother
OUTLET MOTHER GIGABYTE (AM4) B550M DS3H AC,39849.722,mother
OUTLET MOTHER GIGABYTE (LGA1200) H510M H,28074.013,mother
MOTHER GIGABYTE (LGA1700) H610M H DDR4 1.2,45014.288,mother
MOTHER GIGABYTE (AM5) B650 GAMING X,139741.822,mother
OUTLET MOTHER GIGABYTE (LGA1200) Z490 GAMING X,71734.883,mother
MOTHER GIGABYTE (AM5) X670 AORUS ELITE AX,208057.729,mother
MOTHER GIGABYTE (AM5) B650M DS3H,112365.605,mother
MOTHER GIGABYTE (AM4) B550 AORUS ELITE V2,99035.772,mother
MOTHER GIGABYTE (LGA1700) Z690M A ELITE AX DDR4,123420.616,mother
OUTLET MOTHER GIGABYTE (2011) GA-X79-UD3,97361.484,mother
OUTLET MOTHER GIGABYTE (LGA1700) Z690M A ELITE AX DDR4,96575.369,mother
MOTHER GIGABYTE (LGA1700) H610M S2H DDR4 1.2,54268.775,mother
MOTHER GIGABYTE (LGA1700) B660 GAMING X DDR4,105750.029,mother
MOTHER GIGABYTE (LGA1700) B660M AORUS PRO DDR4,106942.77,mother
MOTHER GIGABYTE (AM5) B650 AORUS ELITE AX 1.0,163365.202,mother
MOTHER GIGABYTE (AM5) B650 AORUS ELITE AX 1.1,163365.202,mother
MOTHER GIGABYTE (AM4) B450M DS3H,36509.044,mother
MOTHER GIGABYTE (LGA1700) B660M AORUS PRO AX DDR4 M/B,106232.907,mother
MOTHER GIGABYTE (LGA1700) Z690M A ELITE DDR4,131693.683,mother
MODULO GIGABYTE PCI EXPRESS BLUETHOOT 4.0 WB11ACD-I,14572.855,mother
MOTHER GIGABYTE (AM4) B550M DS3H,51726.972,mother
MOTHER GIGABYTE (LGA1700) B660 AORUS MASTER DDR4 1.1,165312.158,mother
MOTHER GIGABYTE N5105I H + MICRO CELERON,45048.388,mother
MOTHER GIGABYTE (AM4) X570S AORUS ELITE AX,154217.811,mother
MOTHER GIGABYTE (LGA1200) H470I AORUS PRO AX,121218.966,mother
MOTHER GIGABYTE (LGA1700) Z690 UD DDR4 1.0,126679.19,mother
MOTHER GIGABYTE (LGA1200) H410M S2H V3,43803.342,mother
MOTHER GIGABYTE (LGA1200)  Z590 M,58071.541,mother
MOTHER GIGABYTE (AM4) X570S AORUS PRO AX,175758.418,mother
MOTHER GIGABYTE (AM4) X570S AORUS ELITE,149321.997,mother
MOTHER GIGABYTE (LGA1700) Z690 AORUS PRO,197965.493,mother
MOTHER GIGABYTE (LGA1700) H610M H DDR4,51213.932,mother
MOTHER GIGABYTE (AM4) X570S GAMING X,133377.563,mother
MOUSEPAD RAZER STRIDER HYBRID XXL,28687.747,mouse
MOUSE PAD TRUST XXL GXT 758,7658.332,mouse
MOUSE PAD TRUST XL GXT 756,5505.093,mouse
MOUSE PAD TRUST M GXT752,2792.02,mouse
PAD MOUSE M TRUST,2953.17,mouse
MOUSE PAD GX GAMING GENIUS CONTROL P100,3770.943,mouse
MOUSE PAD GENIUS G-WP 100 BLK,3583.371,mouse
MOUSE PAD GX GAMING GENIUS 500S RGB,8745.693,mouse
MOUSE PAD GX GAMING GENIUS 300S RGB,6671.676,mouse
MOUSEPAD RAZER GIGANTUS V2 3XL,28128.122,mouse
OUTLET MOUSEPAD GX GAMING SPEED P100,4049.859,mouse
MOUSE PAD ZOWIE GTF-X BLACK,18446.472,mouse
MOUSE PAD GX GAMING GENIUS SPEED P100,3807.199,mouse
MOUSE PAD TRUST L GXT754,4485.899,mouse
PAD MOUSE AUREOX DAUNTLESS  GAMING GMP1,1739.243,mouse
MOUSE PAD GX GAMING GENIUS 600H RGB,11778.811,mouse
MOUSE PAD GAMING GENIUS 800S,5465.636,mouse
MOUSE PAD GENIUS 500S,4256.263,mouse
OUTLET MOUSE PAD GX GAMING GENIUS 600H RGB,9423.051,mouse
MOUSE PAD GX GAMING GENIUS G-WP 200M BLK,6185.795,mouse
MOUSE PAD GX GAMING GENIUS G-WMP 200M BLK,5910.234,mouse
MOUSEPAD RAZER SPHEX V3 LARGE,14343.868,mouse
MOUSEPAD RAZER SPHEX V3 SMALL,5728.712,mouse
PAD MOUSE AUREOX DAUNTLESS EXTENDED GAMING LARGE GMP1EX,3478.497,mouse
MOUSE PAD GIGABYTE AORUS P7,36674.264,mouse
MOUSE PAD GX GAMING GENIUS 800S RGB,10810.635,mouse
MOUSEPAD GAMING TRUST ZIVA,1285.328,mouse
MOUSE PAD GIGABYTE AMP500,23025.97,mouse
MOUSE GIGABYTE M3 AORUS,18985.153,mouse
MOUSE GAMER RAZER VIPER ULTIMATE WIRELESS CHARGING DOCK,51315.979,mouse
MOUSE GAMER RAZER DEATHADDER V2 X HYPERSPEED WIRELESS,25712.632,mouse
MOUSE GAMER RAZER DEATHADDER V2 MINI,13371.974,mouse
MOUSE GENIUS DX-120 G5 BLUE USB,1615.405,mouse
MOUSE TRUST PUCK WRL RCHRGABLE BLK,6193.539,mouse
MOUSE GAMER GX GAMING GENIUS SCORPION M8-610 WG BLACK,16817.834,mouse
MOUSE GENIUS MICRO TRAV RETRAC SILVER,2862.739,mouse
MOUSE GAMER ZOWIE ZA13 BLACK,31054.826,mouse
MOUSE GAMER ZOWIE GEAR S1-WH WHITE,41939.183,mouse
MOUSE GAMER EVGA X17 GREY,15173.543,mouse
MOUSE GENIUS NX-7010 GREEN WIRELESS NEW PACKAGE,3619.33,mouse
MOUSE GAMER ZOWIE EC1 BLACK,42315.504,mouse
MOUSE TRUST PUCK WRL RCHRGABLE PINK,6193.539,mouse
MOUSE GENIUS MICRO TRAV 900S WIREL GRAY NEW PACK,6700.177,mouse
MOUSE GENIUS MICRO TRAV 900S WIREL BLACK NEW PACK,6700.177,mouse
MOUSE GAMER ZOWIE ZA13-B BLACK,37324.837,mouse
MOUSE GENIUS NX-8000S RED,3353.504,mouse
MOUSE GENIUS ECO-8015 IRON GRAY NEW,6597.943,mouse
MOUSE GENIUS ECO-8100 GREEN NEW,5384.687,mouse
OUTLET MOUSE GAMER RAZER VIPER ULTIMATE WIRELESS CHARGING DOCK MERCURY,36156.362,mouse
OUTLET MOUSE GAMER SENTEY APHELION GS-3520,16393.047,mouse
MOUSE GENIUS DX-110 USB RED,1649.483,mouse
MOUSE GAMER GX GAMING GENIUS SCORPION SPEARS,3493.072,mouse
MOUSE TRUST GXT108 RAVA MOUSE,4248.211,mouse
MOUSE GAMER TRUST GAV GXT101 BLACK,3940.464,mouse
BUNGEE MOUSE ZOWIE GEAR CAMADE II BLACK-RED,16526.895,mouse
OUTLET MOUSE GAMER RAZER VIPER ULTIMATE WIRELESS CHARGING DOCK QUARTZ,36156.362,mouse
MOUSE GENIUS NX-7010 WHITE+RED WIRELESS BLISTER,3619.33,mouse
OUTLET MOUSE GAMER SENTEY NEBULUS GS-3510,7222.512,mouse
MOUSE GAMER GX GAMING GENIUS X-G600 USB BLACK G5,7990.103,mouse
MOUSE SFX KIT,869.583,mouse
MOUSE GENIUS MICRO TRAV 900S WIREL GRAY,6120.818,mouse
MOUSE TRUST OZAA RECHARGEABLE BLUE,11721.116,mouse
MOUSE TRUST OZAA RECHARGEABLE BLACK,11721.116,mouse
MOUSE GENIUS DX-110 G5 BLUE USB,1690.381,mouse
MOUSE GENIUS DX-110 G5 GREEN USB,1690.381,mouse
MOUSE GENIUS NX-9000BT V2 SILVER NEW,9031.275,mouse
MOUSE PATRIOT VIPER OPTICAL PP00024,5462.479,mouse
MOUSE TRUST XIDON RGB GXT940,11899.833,mouse
MOUSE GAMER GX GAMING GENIUS SCORPION M6-600 BLACK,15869.744,mouse
MOUSE TRUST OZAA RECHARGEABLE WHITE,11721.116,mouse
MOUSE GAMER RAZER VIPER 8KHZ AMBIDEXTROUS WIRED,29831.186,mouse
MOUSE GAMER EVGA X17 BLACK,15173.543,mouse
MOUSE GAMER ZOWIE GEAR FK1+-B-WH WHITE,40784.898,mouse
MOUSE TRUST JACX GXT930,7615.41,mouse
MOUSE GAMER RAZER VIPER V2 PRO WHITE,63249.549,mouse
MOUSE TRUST GAMING YBAR GXT922,6086.828,mouse
MOUSE GAMER EVGA X20 BT-WIFI-USB,26052.653,mouse
MOUSE Y PAD TRUST IZZA GXT783,5726.644,mouse
MOUSE GENIUS DX-120 G5 RED USB,1615.405,mouse
MOUSE GENIUS DX-120 G5 GREEN USB,1615.405,mouse
OUTLET MOUSE GAMER RAZER DEATHADDER V2 PRO WIRELESS,25346.343,mouse
MOUSE AUREOX LASERSIGHT GAMING GM400,3477.694,mouse
MOUSE AUREOX FIREFORCE WHITE GAMING GM200W,2558.644,mouse
OUTLET MOUSE GAMER SENTEY GAMMITUS GS-3500,12037.531,mouse
MOUSE PAD TRUST XXL,7754.197,mouse
MOUSE GAMER TT ESPORTS TALON ELITE COMBO RGB BLACK,13464.583,mouse
MOUSE GAMER ZOWIE ZA11-B BLACK,37324.837,mouse
MOUSE GAMER RAZER DEATHADDER V2 PRO WIRELESS,44678.304,mouse
MOUSE GAMER RAZER VIPER ULTIMATE WIRELESS CHARGING DOCK QUARTZ,61141.234,mouse
MOUSE GAMER GX GAMING GENIUS SCORPION M8-610 WG WHITE,15778.851,mouse
MOUSE AUREOX FIREFORCE GAMING GM200,2558.644,mouse
OUTLET MOUSE GAMER RAZER NAGA X WIRED MMO,18904.611,mouse
MOUSE GAMER ZOWIE GEAR EC2 BLACK,27709.143,mouse
MOUSE GENIUS ECO-8100 BLUE NEW,5384.687,mouse
MOUSE TRUST YVI FX WIRELESS WHITE,3304.906,mouse
OUTLET MOUSE GAMER RAZER DEATHADDER V2 WIRED,11006.556,mouse
MOUSE GAMER GX GAMING GENIUS SCORPION M6-600 WHITE RGB,14748.47,mouse
MOUSE GAMER RAZER VIPER V2 PRO,57225.784,mouse
MOUSE SOLTECH BOLITA SCROLL,590.744,mouse
MOUSE GENIUS MICRO TRAV 900S WIREL BLACK,5840.043,mouse
MOUSE GAMER TRUST TURE RGB LED GXT160X,9848.135,mouse
MOUSE GENIUS NX-7010 WHITE+BLUE WIRELESS NEW PACK,3619.33,mouse
MOUSE GAMER ZOWIE ZA12 BLACK,30971.545,mouse
MOUSE TRUST MACCI WIRELESS GXT115,5231.82,mouse
MOUSE SENTEY USB OEM,2108.601,mouse
MOUSE GAMER GX GAMING GENIUS AMMOX X1-600 BLACK,8974.68,mouse
MOUSE TRUST SKETCH SILENT WIRELESS BLUE,4604.248,mouse
MOUSE GAMER ZOWIE FK1-B BLACK,34683.935,mouse
MOUSE GAMER ZOWIE FK1+-B BLACK,37324.837,mouse
MOUSE TRUST YVI WIRELESS RED,2797.08,mouse
MOUSE GAMER ZOWIE GEAR EC2-WH WHITE,31358.195,mouse
MOUSE GAMER TRUST CELOX RGB GXT 165,12237.753,mouse
MOUSE GENIUS NX-9000BT V2 GOLD NEW,9031.275,mouse
MOUSE GAMER ZOWIE FK2-B BLACK,37148.782,mouse
MOUSE TRUST YVI WIRELESS BLUE,2928.398,mouse
MOUSE GAMER ZOWIE GEAR S1 BLACK,34683.935,mouse
MOUSE GAMER TRUST GRAPHIN LIGHTWEIGHT GXT 960,10398.3,mouse
MOUSE GENIUS NX-9000BT GOLD,10015.225,mouse
OUTLET MOUSE GAMER RAZER VIPER AMBIDEXTROUS WIRED,17941.671,mouse
OUTLET MOUSE GAMER RAZER VIPER 8KHZ AMBIDEXTROUS WIRED,17340.29,mouse
MOUSE GAMER TRUST QUDOS RGB GXT900,18269.031,mouse
MOUSE GENIUS MICRO TRAV 9000R GREEN WIRELESS NEW PACKAGE,7668.067,mouse
MOUSE PAD TRUST BIGFOOT XL,4773.208,mouse
MOUSE GENIUS MICRO TRAV RETRAC BLACK 3386,2862.739,mouse
MOUSE GAMER ZOWIE GEAR ZA11-B-WH WHITE,40784.898,mouse
MOUSE GAMER ZOWIE GEAR S2-WH WHITE,41939.183,mouse
MOUSE TRUST SKETCH SILENT WIRELESS RED,4604.248,mouse
MOUSE GENIUS MICRO TRAV RETRAC WHITE,2862.739,mouse
MOUSE TRUST RANOO WIRELESS GXT131,7289.546,mouse
MOUSE PATRIOT VIPER RGB LASER BLACK OUT EDITION PP000243,11835.362,mouse
MOUSE PATRIOT VIPER RGB OPTICAL ERGONOMIC PRO STYLE PP000253,10924.947,mouse
MOUSE Y PAD GAMING TRUST ZIVA,3499.947,mouse
MOUSE GAMER TRUST ZIVA,2411.002,mouse
MOUSE TRUST PUCK WRL RCHRGABLE BLUE,6193.539,mouse
MOUSE AUREOX LASERSIGHT WHITE GAMING GM400,3477.694,mouse
MOUSE AUREOX AIMASTER GAMING GM600,4349.268,mouse
MOUSE GAMER ZOWIE ZA12-B BLACK,24472.415,mouse
MOUSE GENIUS MICRO TRAV RETRAC RUBY,2862.739,mouse
MOUSE GENIUS DX-110 G5 BLACK PS2,1690.381,mouse
MOUSE GENIUS NX-7000 GREEN WIRELESS NEW PACK,2926.528,mouse
MOUSE GENIUS NX-7010 WHITE+TURQUESA WIRELESS NEW PACK,3619.33,mouse
MOUSE GAMER ZOWIE GEAR S2 BLACK,35564.232,mouse
MOUSE GAMER ZOWIE GEAR FK2-B-WH WHITE,40784.898,mouse
MOUSE TRUST SKETCH SILENT WIRELESS YELLOW,4604.248,mouse
MOUSE GENIUS DX-120 G5 WHITE USB,1615.405,mouse
MOUSE GENIUS DX-110 USB WHITE,1649.483,mouse
MOUSE TRUST IDON ILLUMINATED GXT950,11254.155,mouse
MOUSE TRUST YVI WIRELESS 2.4GHZ+BT,4532.055,mouse
MOUSE GENIUS NX-9000BT V2 IRON GRAY NEW,9031.275,mouse
MOUSE GENIUS NX-7010 GREY WIRELESS NEW PACKAGE,3619.33,mouse
DELL NOTEBOOK INSPIRON 3502 CELERON P90F,151627.74,notebooks
MSI NOTEBOOK GAMER ALPHA 15 B5EEK-229AR,869515.988,notebooks
IQUAL NOTEBOOK NQ1 INTEL N4010-4G-128GB 14.1,94338.75,notebooks
LENOVO NOTEBOOK V15 I7 8 GB SSD 256 FREE DOS15,450666.073,notebooks
ADATA NOTEBOOK XENIA 14I5G11GXELX-BKCAR,546503.771,notebooks
ADATA NOTEBOOK XENIA XE 15TI7G11GXELX-SGCAR,685613.819,notebooks
HAIER NOTEBOOK STC157 I7 8GB SSD512 FREE DOS,256257.034,notebooks
LENOVO NOTEBOOK NB IP 1 14IGL05 N4020 4GB 128G W11S,173786.525,notebooks
GIGABYTE NOTEBOOK AERO 5 OLED XE4-73LA614SH I7 RTX3070TI,963427.465,notebooks
HP NOTEBOOK 245 G8 R5 8GB 1TB FREE DOS,272100.477,notebooks
LENOVO NOTEBOOK V15 15.6 CORE I3-10110UI 8GB 256SSD FREE DOS,265779.745,notebooks
GIGABYTE NOTEBOOK G5 144HZ i5-11400H RTX3050TI 2x8GB 512GB WIN 10,630003.572,notebooks
DELL NOTEBOOK LATITUDE 3520 P108F I7 1165G7 32GB SSD 1TB WIN10P,594518.034,notebooks
GIGABYTE NOTEBOOK AERO OLED 16 KE5-72LA934H I7 RTX3060,1104563.57,notebooks
GIGABYTE NOTEBOOK AERO OLED 16 XE5-73LA938H I7 POLED RTX3070TI,1246090.505,notebooks
GIGABYTE NOTEBOOK AORUS 17 XE5-73LA534SFHD I7 3070TI,1018065.334,notebooks
HP NOTEBOOK 245 G8 R3 4GB 1TB FREE DOS,224201.098,notebooks
LENOVO NOTEBOOK V14-ITL CORE I3 8GB 256SSD FREE DOS 1YOS,273360.857,notebooks
ASUS NOTEBOOK X515EA I3/15.6 HD 256G 4G FREE DOS,202652.241,notebooks
GIGABYTE NOTEBOOK G5 KE-52LA213SD FHD 144HZ I5 12500H RTX3060,690866.682,notebooks
MSI NOTEBOOK PRESTIGE 15 A12SC,845040.724,notebooks
LENOVO NOTEBOOK LEGION 5 15IMH05 I5 8G 1T 256G GTX 1650 144MHZ,503969.29,notebooks
ACER NOTEBOOK SWIFT 3 C I3 8 GB SSD 256 GB WINDOWS 10,284927.698,notebooks
HP NOTEBOOK I5 VICTUS 15.6 8GB SSD 512G  GTX 1650 WIN 11,433869.326,notebooks
MSI NOTEBOOK CROSSHAIR 15 R6E B12UEZ,1094301.967,notebooks
DELL NOTEBOOK INSPIRON 3000 I3/4/256/UBU 4GB 256 SSD,236947.711,notebooks
GIGABYTE NOTEBOOK AORUS 5 SE4-73LA513S 12700 RTX3070,898237.593,notebooks
GIGABYTE NOTEBOOK AERO 17 XE5-73LA738HPUHD I7 RTZ3070TI,1232971.168,notebooks
HP NOTEBOOK 14 348G7 I3-10110U 4GB 1TB W10H,233736.646,notebooks
HP NOTEBOOK I3 14-CF2077LA 4G 256 SSD W10,225207.433,notebooks
HP NOTEBOOK 13-BB0003LA I5 1135G7 8GB 256GB 16GB 13.3 FHD WH,344085.698,notebooks
MSI NOTEBOOK GAMER BRAVO 15 B5DD-402AR,483975.536,notebooks
ASUS NOTEBOOK ROG ZEPHYRUS G14 R7 5800HS 16GB 512GB 14 IN RTX3050 W10 ANIME MATRIX,813831.359,notebooks
ACER NOTEBOOK SWIFT 3 C I5 8 GB SSD 256 GB WIN10,385901.263,notebooks
GIGABYTE NOTEBOOK AERO 5 KE4-72LA614SH i7 12700 RTX 3060,896931.343,notebooks
MSI NOTEBOOK Z16 CREATOR A12UET,1317226.548,notebooks
LENOVO NOTEBOOK THINKPAD T14 R7 16G 512 W10PR,851872.087,notebooks
GIGABYTE NOTEBOOK AORUS 15G  XE4-73LA514S 12700 RTX 3070TI,963611.682,notebooks
ASUS NOTEBOOK X515EA I5 15.6 FHD 256/ 8GB 7 W11,363713.614,notebooks
LENOVO NOTEBOOK V14 R3 8GB 256SSD FDOS14,286410.146,notebooks
GIGABYTE NOTEBOOK AORUS 5 KE4-72LA314S 12700 RTX3060,835482.175,notebooks
LENOVO NOTEBOOK V15 I3 8GB 256SSD FDOS15,272555.943,notebooks
ASUS NOTEBOOK X515EA I3 15.6 FHD 256 GB 4GB WINDOWS 11,260488.998,notebooks
DELL NOTEBOOK VOSTRO RYZEN 5 14 HD 8GB 256SSD UBUNTU,240665.15,notebooks
GIGABYTE NOTEBOOK AERO 17 KE5-72LA734H UHD I7 RTX3060,1074912.982,notebooks
APPLE MACBOOK PRO 14 M1 PRO CHIP 16GB 512GB SSD SILVER,1121935.463,notebooks
DELL NOTEBOOK LATITUDE 3410 INTEL CORE I3 4GB 500GB,196443.929,notebooks
GIGABYTE NOTEBOOK AORUS 15 XE5-73LAB34 I7 12700 RTX3070TI,908061.209,notebooks
ASUS NOTEBOOK X515EA I7 15.6 FHD 512G 8GB FREE,340961.489,notebooks
ACER NOTEBOOK SWIFT 5 C I5 1135 G7 8 GB 512 SSD 14 W10H GOLD,360561.861,notebooks
IQUAL NOTEBOOK NQ5 INTEL I5-4G-500GB 14.1,168460.699,notebooks
HP LAPTOP R3 1TB 4GB WIN10  14-DK1004LA,188891.615,notebooks
ASUS NOTEBOOK BR1100CKA 11.6 HD N4500 4/ 128 GB,149277.392,notebooks
NOTEBOOK POSITIVO BGH CEL AT510 4 GB 64 GB WIN10 14 PULGADAS,100062.699,notebooks
MSI NOTEBOOK GAMER BRAVO 15 RX5500M B5DD-400AR,673069.782,notebooks
LENOVO NOTEBOOK IP 3 15ITL6 I7 4GB 256G 11S,477991.217,notebooks
MSI NOTEBOOK 15M STEALTH B12UE,1081420.252,notebooks
LENOVO NOTEBOOK IP5 PRO CORE I5 16GB 512SSD W11H,451475.321,notebooks
PARLANTE TRUST ARGUS LED SET 2.0 GXT610,14326.169,parlantes
PARLANTE TRUST ROKKO BLUETHOOT,20986.834,parlantes
PARLANTE TRUST CARO MAX POWERFULL BT CAMO,30662.027,parlantes
PARLANTE GENIUS SP-925BT CHOCOLATE,16302.528,parlantes
OUTLET PARLANTE GX GAMING GENIUS PORTATIL SP-I250G,15615.765,parlantes
OUTLET PARLANTE RAZER FEROX,21641.004,parlantes
PARLANTE GENIUS SP-Q180 GRAY,5080.735,parlantes
OUTLET PARLANTE TRUST ZOWY MAX BLUETHOOT BLACK,14915.538,parlantes
PARLANTE GENIUS SP-Q160 RED,4602.114,parlantes
BARRA DE SONIDO PHILIPS BLUETHOOT 2.0 CHANNEL TAB5105/12,47764.53,parlantes
PARLANTE GENIUS SOUNDBAR 200BT MADERA,13703.701,parlantes
PARLANTE PHILIPS BLUETHOOT BT60BK/77,8517.245,parlantes
PARLANTE GENIUS SP-906BT PLUS GOLD,10452.288,parlantes
PARLANTE GENIUS SW-2.1 300 BLACK,16306.543,parlantes
PARLANTE GENIUS SP-Q160 BLUE,4602.114,parlantes
PARLANTE PHILIPS BLUETHOOT TAS2505B,11261.415,parlantes
PARLANTE GENIUS SP-Q160 GRAY,4602.114,parlantes
PARLANTE GENIUS SP-Q180 BLUE,5080.735,parlantes
OUTLET PARLANTE TRUST TYTAN 2.0 GXT608,20256.06,parlantes
PARLANTE TRUST JAVV RGB SET 2.0 GXT606,14290.287,parlantes
PARLANTE GENIUS SP-Q180 RED,5010.225,parlantes
PARLANTE GX GAMING GENIUS SW-G2.1 2000 II,49669.367,parlantes
PARLANTE GENIUS SP-Q180 ORANGE,5080.735,parlantes
PARLANTE TRUST GEMI 2.0 RGB BLACK,8953.505,parlantes
OUTLET PARLANTE GENIUS SP-2.0 HF800A II MADERA,17114.284,parlantes
PARLANTE TRUST ORION SET,17584.732,parlantes
PARLANTE GENIUS SP-925BT BLUE,16302.528,parlantes
PARLANTE GENIUS SP-2.0 HF500A II,24196.084,parlantes
PARLANTE PHILIPS BLUETHOOT TAS1505B,8038.393,parlantes
PARLANTE GENIUS SP-925BT BLACK,22857.076,parlantes
PARLANTE BARRA DE SONIDO TRUST ASTO GXT618,13795.045,parlantes
PARLANTE TRUST ZIVA 2.1,8153.574,parlantes
PARLANTE GENIUS SP-906BT PLUS GREEN,10452.288,parlantes
PARLANTE GENIUS SP-906BT PLUS ORANGE,11008.261,parlantes
BARRA DE SONIDO PHILIPS BLUETHOOT TAB5305/77,71526.114,parlantes
PARLANTE TRUST POLO 2.0,4844.774,parlantes
PARLANTE GENIUS SW-2.1 350 BLACK,24178.671,parlantes
PARLANTE GENIUS SP-U125 BLACK,5198.545,parlantes
PARLANTE GENIUS SP-Q160 ORANGE,4602.114,parlantes
PARLANTE TRUST AXXY BLUETOOTH,27633.144,parlantes
PARLANTE GENIUS SP-925BT WHITE,16302.528,parlantes
OUTLET PARLANTE GENIUS SP-U115 BLACK,3443.088,parlantes
PARLANTE TRUST ZOXA RGB LED GXT609,15826.25,parlantes
PARLANTE GX GAMING GENIUS PORTATIL SP-I250G,20853.723,parlantes
OUTLET PARLANTE GENIUS SP-2.0 HF2800BT,59639.69,parlantes
PARLANTE GENIUS SP-2.0 HF2800BT,51678.011,parlantes
OUTLET PARLANTE GENIUS SW-2.1 350 MADERA,15068.493,parlantes
PARLANTE GENIUS SW-2.1 350 MADERA,24288.011,parlantes
OUTLET PARLANTE GX GAMING SW-G2.1 3000 II,33824.703,parlantes
PARLANTE TRUST CARO COMPACT BLUETHOOT,20060.942,parlantes
PARLANTE GENIUS SP-HF1800A II,45072.83,parlantes
PARLANTE TRUST ARYS COMPACT 2.0,11125.026,parlantes
PARLANTE GENIUS SP-906BT PLUS MAGENTA,11008.261,parlantes
PARLANTE PHILIPS BLUETHOOT TAS7505,37047.747,parlantes
PARLANTE GENIUS SP-HF380BT MADERA USB,11103.983,parlantes
PARLANTE GX GAMING SW-G2.1 3000 II,54579.217,parlantes
PARLANTE TRUST CARO MAX POWERFULL BT,28480.078,parlantes
PARLANTE TRUST TYTAN 2.0 GXT608,26420.152,parlantes
PARLANTE BARRA DE SONIDO TRUST ASTO,14132.382,parlantes
PLACA DE VIDEO GIGABYTE RTX 3080 TI EAGLE OC 12 GB,485848.385,vga
PLACA DE VIDEO GIGABYTE GTX 1650 D6 OC 4 GB,157287.372,vga
PLACA DE VIDEO GIGABYTE RX 6900 XT AORUS M-16G,455800.433,vga
PLACA DE VIDEO GIGABYTE RX 6800 XT GAMING OC 16GB,349322.809,vga
OUTLET PLACA DE VIDEO SAPPHIRE RADEON RX 550 PULSE 4 GB D5,51226.714,vga
OUTLET PLACA DE VIDEO GIGABYTE RTX 2060 D6 6 GB,149520.481,vga
OUTLET PLACA DE VIDEO SAPPHIRE HD5570 1G DDR3,35190.353,vga
PLACA DE VIDEO EVGA RTX 3080TI XC3 ULTRA 12GB,481249.989,vga
OUTLET PLACA DE VIDEO EVGA GTX 1080 FTW 8GB DDR5X,299049.718,vga
PLACA DE VIDEO SAPPHIRE PULSE AMD RADEON RX 6600 GAMING 8GD HDMI TRIPLE DP LITE,175213.28,vga
PLACA DE VIDEO EVGA GTX 1660 SUPER SC ULTRA GAMING 6GB DDR6,187785.433,vga
PLACA DE VIDEO SAPPHIRE LR NITRO RADEON RX 6800  16 GB DDR6,395107.9,vga
OUTLET PLACA DE VIDEO ASUS ROG STRIX GTX1080TI O11G GAMING DDR5,307236.798,vga
PLACA DE VIDEO GIGABYTE RTX 3080 GAMING OC 12GB,401227.068,vga
PLACA DE VIDEO EVGA GTX 1660 SC ULTRA GAMING 6GB,177912.471,vga
PLACA DE VIDEO SAPPHIRE PULSE RX 6750 XT 12GB,269849.789,vga
PLACA DE VIDEO GIGABYTE RX 6700 XT GAMING OC 12GB,262612.823,vga
PLACA DE VIDEO EVGA RTX 2060 XC 12GB,216597.337,vga
PLACA DE VIDEO GIGABYTE GT730 D3 2G 2.0,45016.598,vga
OUTLET PLACA DE VIDEO SAPPHIRE ITX COMPACT R9 380 2 GB DDR5,89460.25,vga
PLACA DE VIDEO SAPPHIRE PULSE RX 6400 4GB D6 HDMI/DP,105359.771,vga
PLACA DE VIDEO SAPPHIRE PULSE RADEON RX 6500 XT GAMING OC 4GB,118949.16,vga
PLACA DE VIDEO GIGABYTE GTX 1660 OC 6 GB,182517.379,vga
PLACA DE VIDEO SAPPHIRE PULSE RX 6650 XT 8GB,200065.822,vga
PLACA DE VIDEO EVGA RTX 3050 XC 8 GB DDR6,199158.553,vga
PLACA DE VIDEO ASUS DUAL RX 6600 XT O 8 GB,217600.988,vga
PLACA DE VIDEO GIGABYTE RX 6800 GAMING OC 16GB,321412.245,vga
PLACA DE VIDEO EVGA RTX 3070TI FTW3 ULTRA 8GB,346185.356,vga
PLACA DE VIDEO EVGA GTX 1650 SUPER SC ULTRA GAMING 4 GB,157582.183,vga
PLACA DE VIDEO EVGA GT730 2G DDR5 LOW PROFILE,44280.599,vga
PLACA DE VIDEO SAPPHIRE NITRO RX 6600 XT GM  8 GB,208347.161,vga
PLACA DE VIDEO EVGA RTX 3090 FTW3 ULTRA 24GB,565199.459,vga
OUTLET PLACA DE VIDEO SAPPHIRE RADEON RX 460 2 GB OC DDR5,41477.887,vga
OUTLET PLACA DE VIDEO GIGABYTE RX 5500 XT OC 4 GB,74548.254,vga
PLACA DE VIDEO SAPPHIRE PULSE RX 6600 8GB D6 LE,203294.146,vga
PROCESADOR AMD (AM4) RYZEN 7 5700G,136395.38,procesadores
PROCESADOR AMD (AM4) RYZEN 5 5600G,106678.264,procesadores
PROCESADOR AMD (AM5) RYZEN 7 7700X,173881.521,procesadores
"PROCESADOR PARA NOTEBOOK INTEL CORE I3-2310M (3M CACHE, 2.10 GHZ) OEM SR04R",36112.582,procesadores
PROCESADOR AMD (AM5) RYZEN 5 7600X,120556.084,procesadores
PROCESADOR INTEL (LGA1700) CORE I7 12700K,223496.559,procesadores
PROCESADOR INTEL (LGA1700) CORE I7 13700K,277548.942,procesadores
"PROCESADOR PARA NOTEBOOK INTEL CORE I5-2430M DUAL-CORE (3MB CACHE, 2.4GHZ) OEM  SR04W",44710.82,procesadores
"PROCESADOR PARA NOTEBOOK INTEL CORE I3-2330M (3M CACHE, 2.2 GHZ) OEM SR04J",36112.582,procesadores
PROCESADOR INTEL (LGA1200) CORE I7 11700,158981.295,procesadores
PROCESADOR INTEL (LGA1700) CORE I5 12400,106704.092,procesadores
PROCESADOR INTEL (LGA1700) CORE I3 12100,77946.902,procesadores
PROCESADOR INTEL CELERON (LGA1700) G6900,23554.157,procesadores
PROCESADOR INTEL (LGA1700) CORE I7 13700,262288.796,procesadores
PROCESADOR INTEL (LGA1700) CORE I5 13400,171228.673,procesadores
PROCESADOR AMD (AM5) RYZEN 9 7900X,229381.372,procesadores
PROCESADOR PARA NOTEBOOK INTEL CELERON B800 (2M CACHE 1.50 GHZ) OEM SR0EW,14445.035,procesadores
PROCESADOR PARA NOTEBOOK INTEL PENTIUM B940 (2M CACHE 2.00 GHZ) OEM SR07S,14445.035,procesadores
PROCESADOR INTEL (LGA1700) CORE I3 12100F,56357.521,procesadores
PROYECTOR BENQ EH600 WHITE,719695.24,proyector
PROYECTOR BENQ MX631ST BLACK,422428.204,proyector
PROYECTOR SAMSUNG FREESTYLE PORTATIL,308694.925,proyector
KIT INTERACTIVO BENQ POINTWRITE,176403.205,proyector
SILLA GAMER TRUST GXT708B RESTO BLUE,150133.885,gamer
SILLA GAMER AFA ARGENTINA CAPITAN,170531.306,gamer
SILLA GAMER RAIDMAX DK709BK NEGRA,113982.352,gamer
SILLA GAMER AFA  ARGENTINA,105284.553,gamer
SILLA GAMER TRUST RAVY,95723.98,gamer
SILLA GAMER TRUST GXT708R RESTO RED,150133.885,gamer
ALFOMBRA PARA SILLA GAMER TRUST MIKA,23108.492,gamer
SILLA GAMER AUREOX G600 NEGRA Y BLANCO,127152.388,gamer
OUTLET SILLA GAMER RAIDMAX DK-925BK BLACK,90405.986,gamer
SILLA GAMER RAIDMAX DK606OG NARANJA-NEGRO,95517.807,gamer
SILLA GAMER RAIDMAX DK-925RD ROJA,113418.415,gamer
SILLA GAMER AUREOX G200 NEGRA Y ROJO,83324.351,gamer
SILLA GAMER RAIDMAX DK606WT BLANCA,95517.807,gamer
SILLA GAMER TRUST GXT708 RESTO BLACK,150133.885,gamer
SILLA GAMER RAIDMAX DK-719GY GRIS,139497.886,gamer
SILLA GAMER RAIDMAX DK-925WT BLANCA,136376.449,gamer
ALFOMBRA PARA SILLA GAMER TRUST GXT 715,23108.492,gamer
SILLA GAMER RAZER ISKUR X,262372.077,gamer
SILLA GAMER RAIDMAX DK-925BK NEGRA,132643.687,gamer
SILLA GAMER RAIDMAX DK-719BU BLUE,139497.886,gamer
OUTLET SILLA GAMER RAIDMAX DK-925RD ROJA,90405.986,gamer
SILLA GAMER AUREOX G400 NEGRA Y ROJO,101128.709,gamer
CAPTURADORA RAZER RIPSAW X USB 4K-30FPS STREAMING,49428.566,gamer
CAPTURADORA RAZER RIPSAW HD GAME,57866.149,gamer
CAPTURADORA EVGA XR1 ARGB AUDIO MIXER 4K,113658.292,gamer
SOPORTE INTELAID TV 17/42 VESA 200X200 IT-TSL42,10881.728,soportes
SOPORTE INTELAID DE ESCRITORIO ACERO 13/27 VESA 100X100 IT-DBSX,22286.913,soportes
SOPORTE INTELAID TV/LCD 13 A 27 IT-DB91E,24783.275,soportes
PANTALLA INTELAID DE INMERSION CON TRIPODE 106 CROMA Y STREAMING IT-TPG106,60892.931,soportes
SOPORTE INTELAID TV 32/55 VESA 400X400 IT-T4E,6865.914,soportes
SOPORTE INTELAID TV DOBLE TELESCOPICO DE TECHO IT-CBS42D,36748.888,soportes
SOPORTE INTELAID DOBLE MONITOR ESCRITORIO 17 A 32 IT-DGB2E,46191.343,soportes
SOPORTE INTELAID FIJO PARED REFORZADO 75KG VESA 600X400 IT-FRE,17002.04,soportes
PANTALLA INTELAID PROYECTOR 82 PULGADAS TRIPODE IT-TPW8,72169.944,soportes
SOPORTE INTELAID PLEGABLE NOTEB TABLET 5 POSIC ERGONOM. IT-BNB,9710.525,soportes
SOPORTE INTELAID P/ MINI PC/BRIX VESA 75X75 Y 100X100 IT-BBS7,6175.048,soportes
SOPORTE INTELAID TV 23/55 VESA 400X400 IT-F40A,9580.67,soportes
SOPORTE INTELAID TV FIJO 23/42 VESA 200X200 IT-F22,3018.345,soportes
SOPORTE ADAPTADOR INTELAID PARA MONITOR SIN VESA 13/27 IT-DSX,6936.633,soportes
SOPORTE INTELAID DOBLE MONITOR 1USB AUDIO 13 A 27 100X100 IT-DGB2U,49707.691,soportes
SOPORTE MOVIL INTELAID TV VESA 400X400 IT-TS44V,5925.821,soportes
SOPORTE INTELAID P/ AUTO TABLET 8.5 IT-TCMS,2070.068,soportes
SOPORTE DE ESCRITORIO INTELAID 13/27 VESA 100X100 IT-DBSL,25482.49,soportes
SOPORTE INTELAID PARA VIDEO WALL ANTIVANDALICO 45KG IT-VVWS,62375.94,soportes
PANTALLA INTELAID PROYECTOR 100 PULGADAS TRIPODE IT-TP100,116923.378,soportes
SOPORTE INTELAID EXTENSIBLE 803MM CARGA 50KG IT-TB70,34878.25,soportes
PANTALLA INTELAID PROYECTOR 100 PULGADAS SELF-LOCK IT-SP100,79427.26,soportes
PANTALLA INTELAID PROYECTOR 120 PULGADAS SELF-LOCK IT-SP120,112488.354,soportes
SOPORTE INTELAID TV/LCD 23 A 55 VESA 400 x400 IT-FMC44,13967.206,soportes
SOPORTE INTELAID DE ESCRITORIO 13/32 MAX VESA 100X100 IT-DBGP,31794.62,soportes
SOPORTE INTELAID PORTA NOTEBOOK ERGONOM 11 A 17 MAK 8K IT-DST,6562.798,soportes
SOPORTE INTELAID DE ESCRITORIO DOBLE MONITOR CON BASE 13/32 MAX 8KG IT-DB88VD,35852.872,soportes
SOPORTE DE ESCRITORIO INTELAID 13/27 VESA 100X100 IT-DBGS,32258.017,soportes
SOPORTE INTELAID DE ESCRITORIO  SETUP 2 MONI CAMARA CAM MIC LUZ IT-SDM,74474.642,soportes
SOPORTE TRUST RHENO CELULAR PARA AUTO,6880.973,soportes
SOPORTE INTELAID DE ESCRITORIO 13/32 VESA 100X100 IT-DB88V,19634.483,soportes
SOPORTE INTELAID PROYECTOR TECHO IT-CP11,9985.558,soportes
SOPORTE INTELAID DE ESCRITORIO TRIPLE 13/27 VESA 100X100 IT-DB3E,44639.441,soportes
SOPORTE INTELAID TV/LCD 23 A 42 VESA 200X200 IT-T22,3590.235,soportes
SOPORTE INTELAID TV VESA 400X400 IT-ETS44,10775.424,soportes
SOPORTE INTELAID TV/LCD 37 A 70 VESA 600 x400 IT-TS5C,21099.155,soportes
SOPORTE INTELAID PROYECTOR TECHO IT-WC11,15553.351,soportes
PANTALLA INTELAID PROYECTOR ELECTRICA 2.40 X 1.80 IT-PSE120,238643.108,soportes
SOPORTE INTELAID EXTENSOR PLACA VESA IT-ETV,1722.93,soportes
TABLET SAMSUNG GALAXY TAB A7 LITE 8.7 SILVER,62419.016,tablet
TABLET LENOVO TB-8505 M8 HD 3GB 32GB 8,60110.05,tablet
IQUAL TABLET ANDROID 8.1 16GB T07W1,15820.486,tablet
APPLE IPAD MINI 256GB 6GEN SPACE GREY LA,329626.143,tablet
TABLET SAMSUNG GALAXY TAB A8 WIFI S 10.5 X200N,103306.896,tablet
IQUAL TABLET T7L 4G 7 INCH SPREDTRUM9832 ROJO,21916.719,tablet
TABLET SMART KASSEL 7 1GB 3401,15787.233,tablet
IQUAL TABLET T7W ANDROID 8.0 16GB BRAND+STYLUS CRAYON EUROCASE EUTA-SC745,21318.011,tablet
TABLET LENOVO TB M10 FHD PLUS 4GB 64GB 10.3,98823.318,tablet
OUTLET TECLADO GAMER RAZER CYNOSA LITE VIPER KRAKEN XLITE POWER UP BUNDLE,28438.08,teclados
OUTLET TECLADO PATRIOT VIPER MECHANICAL RGB WHITE BOX SWICHT PP000254,20241.804,teclados
TECLADO + MOUSE GENIUS KM-8200 SMART INALAMBRICO BLACK,7695.325,teclados
OUTLET TECLADO GAMER GIGABYTE K1 GAMING,35493.513,teclados
OUTLET TECLADO GAMER RAZER HUNTSMAN V2 SP ANALOG,59111.954,teclados
OUTLET TECLADO GAMER GX GENIUS SCORPION K11 PRO BLACK,5307.896,teclados
OUTLET TECLADO GAMER RAZER BLACKWIDOW V3 SP GREEN,30707.072,teclados
KEYCAP SET RAZER QUARTZ PINK,12474.319,teclados
OUTLET TECLADO GAMER RAZER BLACKWIDOW V3 TENKEYLESS,23981.254,teclados
TECLADO GENIUS LUXEMATE 100 USB,3851.067,teclados
OUTLET TECLADO GAMER RAZER HUNTSMAN V2 TKL SP LINEAR OPT,38879.148,teclados
TECLADO GENIUS LUXEMATE 110 SP USB BLACK,3612.51,teclados
TECLADO GAMER GX GAMING GENIUS SCORPION K220,5090.932,teclados
TECLADO GAMER EVGA Z12 SP RGB MEMBRANA,12009.393,teclados
TECLADO AUREOX BATTLETAG GAMING GK400,3563.109,teclados
TECLADO TRUST ASTA GXT865 MECH ES,22007.447,teclados
OUTLET TECLADO GAMER TT ESPORTS COMBO CHALLENGER PRIME RGB SP,15968.799,teclados
TECLADO GENIUS+MOUSE KM-8101 BLACK SP,7331.071,teclados
TECLADO GAMER RAZER HUNTSMAN MINI MERCURY CLICKY PURPLE,42766.493,teclados
KEYCAP SET RAZER MERCURY WHITE,12474.319,teclados
OUTLET TECLADO GAMER GX GAMING GENIUS SCORPION K215,3630.022,teclados
GENIUS GRAPHIC TABLET MOUSEPEN I608X,23106.424,teclados
TECLADO GAMER GX GAMING GENIUS SCORPION K8,9438.044,teclados
TECLADO TRUST ODYSS SEMI MECH ES GXT881,11308.462,teclados
TECLADO GAMER EVGA Z15 SP RGB LINEAR SILVER,20566.975,teclados
TECLADO GENIUS RS2 KB-117 SP USB BLK,3203.541,teclados
TECLADO GAMER TRUST ESCA METAL GXT853,6203.362,teclados
TECLADO TRUST MAZZ MECHANICAL GXT863,16115.407,teclados
TECLADO GAMER RAZER HUNTSMAN V2 TKL CLICKY PURPLE,62647.167,teclados
TECLADO PATRIOT VIPER MECHANICAL LED BACKLIT PP000222,20328.418,teclados
TECLADO PATRIOT VIPER MECHANICAL RGB W/DEDIDATED MEDIA+MACRO KEY PP000223,40327.87,teclados
OUTLET TECLADO GAMER RAZER BLACKWIDOW ELITE SPANISH,40805.028,teclados
OUTLET TECLADO + MOUSE GENIUS KM-8200 INALAMBRICO BLACK,4466.33,teclados
OUTLET TECLADO GENIUS + MOUSE KM-130 USB,26482.566,teclados
OUTLET TECLADO GENIUS + MOUSE KM-130 USB,26482.566,teclados
OUTLET TECLADO GENIUS + MOUSE KM-130 USB,26482.566,teclados
OUTLET TECLADO GENIUS + MOUSE KM-130 USB,26482.566,teclados
TECLADO GAMER GX GAMING GENIUS SCORPION K215,5481.927,teclados
TECLADO GAMER RAZER HUNTSMAN MINI MERCURY LINEAR RED,51569.859,teclados
OUTLET TECLADO GAMER RAZER BLACKWIDOW V3 PRO WIRELESS YELLOW SWITCH,54891.254,teclados
TECLADO GAMER EVGA Z20 SP RGB LINEAR DARK-GREY,27182.925,teclados
TECLADO GAMER RAZER HUNTSMAN MINI LINEAR RED,52997.956,teclados
OUTLET KEYCAP SET RAZER SET CLASSIC BLACK,7150.099,teclados
KEYCAP SET RAZER + COILED CABLE MERCURY WHITE,20268.446,teclados
TECLADO y MOUSE + PAD AUREOX LIFELIGHT GAMING GC1000,6621.67,teclados
TECLADO GENIUS SLIMSTAR 230 WHITE USB,4260.036,teclados
NUMPAD TRUST XALAS USB,2897.257,teclados
OUTLET TECLADO GAMER RAZER HUNTSMAN MINI LINEAR RED,30806.688,teclados
OUTLET TECLADO GAMER RAZER HUNTSMAN MINI,24719.145,teclados
TECLADO GENIUS SLIMSTAR M200 SP BLACK USB,3994.21,teclados
TECLADO GAMER TT ESPORTS COMBO CHALLENGER CHC OPTICAL NOTHONG PLUNGER S/P,13113.496,teclados
TECLADO TRUST CALLAZ TKL ES GXT834,13696.144,teclados
TECLADO GAMER TRUST TORAC ES,8538.673,teclados
TECLADO TRUST THADO TKL ES GXT833,7296.806,teclados
TECLADO GAMER LED TRUST ZIVA ES,5551.645,teclados
OUTLET TECLADO TT ESPORTS TECL MECHANICAL POSEIDON Z,39067.435,teclados
TECLADO GAMER TRUST AZOR ES GXT 835,6927.492,teclados
OUTLET KEYCAP SET RAZER QUARTZ PINK,7434.185,teclados
TECLADO GAMER TT ESPORTS NEPTUNE PRO TTC BLUE AXIS,38268.736,teclados
TECLADO GENIUS SLIMSTAR Q200 SP BLACK USB,4546.311,teclados
KEYCAP SET RAZER + COILED CABLE CLASSIC BLACK,20268.446,teclados
OUTLET GENIUS GRAPHIC TABLET MOUSEPEN I608X,0,teclados
GENIUS GRAPHIC TABLET EASYPEN I405 X,18001.203,teclados
TECLADO GENIUS NUMERICO NUMPAD 110 USB,3113.682,teclados
TECLADO TRUST PRIMO ES,3409.439,teclados
TECLADO Y MOUSE GIGABYTE WIRED COMBO KM6300,4471.489,teclados
TECLADO AUREOX ENDURANCE  GAMING GK200,3339.897,teclados
TECLADO GAMER GX GENIUS SCORPION K11 PRO BLACK,7401.669,teclados
TECLADO GAMER TRUST THURA SEMI ES GXT 860,16848.04,teclados
OUTLET GENIUS GRAPHIC TABLET EASYPEN I405 X,8983.062,teclados
GENIUS GRAPHIC TABLET EASYPEN I405 X KYA,18362.454,teclados
TECLADO GENIUS RS2 KB-118 SP BLK,3169.463,teclados
TECLADO GENIUS RS2 KB-116 SP BLK,3333.055,teclados
TECLADO GAMER TRUST AVONN ES GXT 830RW,7392.132,teclados
TECLADO Y MOUSE GAMER TRUST TURAL ES GXT 845,12273.965,teclados
TECLADO Y MOUSE GAMER TRUST AZOR ES GXT 838,10759.331,teclados
TECLADO MEC AUREOX UNRIVAILED GAMING GK600,7949.579,teclados
TECLADO GAMER TRUST AZOR GXT 835 / IDIOMA INGLES,8273.155,teclados
TECLADO GENIUS SLIMSTAR Q200 SP WHITE USB,4546.311,teclados
TECLADO PATRIOT VIPER MECHANICAL RGB WHITE BOX SWICHT PP000254,30751.974,teclados
TECLADO GAMER TT ESPORTS COMBO CHALLENGER ELITE RGB MEMBRANE KB LASER ENGRAVED KEYCAP SW CONTROL,26929.166,teclados
TECLADO GAMER TT ESPORTS NEPTUNE ELITE TTC RGB BLUE AXIS BLACK SPANISH,43935.441,teclados
SAMSUNG TV SMART 65 QLED 4K SERIE Q80,564988.083,electro
SAMSUNG TV EQ SMART 65 UHD SERIE AU7000,290541.856,electro
ENOVA SMART TV LED 43 FULL HD,82174.334,electro
PHILIPS TV SMART FULL HD 43 PFD6917,109398.399,electro
PHILIPS TV LED SMART 32 PHD6825,70672.987,electro
PHILIPS TV LED SMART 55 UHD 4K PUD7906,183914.643,electro
PHILIPS TV LED SMART 43 PFD6927,108343.18,electro
SAMSUNG TV LED 65 UHD 4K BU8000,330908.765,electro
SAMSUNG TV LED 75 UHD 4K BU8000,491738.841,electro
PHILIPS TV LED SMART 50P 4K UHD 7400 SERIES,137187.941,electro
PHILIPS TV LED SMART 75 UHD 4K PUD8507,435935.445,electro
PHILIPS TV LED SMART 32 PHD6926,72712.75,electro
PHILIPS TV LED MONITOR 24 PHD5565,53955.132,electro
ENOVA SMART TV LED 32 HD FRAMELESS LINUX 5.1,59838.559,electro
SAMSUNG EQ TV SMART 43 FHD SERIE T5300,109704.936,electro
SAMSUNG TV SMART Q65B QLED 4K QN65Q65,354430.857,electro
ENOVA TV LED 24 HD FRAMELESS,52655.922,electro
AOC TV LED 32 SMART 32S5295/77G,62422.855,electro
PHILIPS TV LED SMART 65 UHD 4K PUD7906,281591.893,electro
LG TV LED 32 SMART BLANCO 32LM620,79558.204,electro
PHILIPS TV LED SMART 32 PHD6917,67511.411,electro
SKYWORTH ANDROID TV LED 32 SMART,64349.604,electro
PHILIPS TV LED SMART 70 UHD 4K PUD7906,364658.107,electro
SAMSUNG TV LED 55 QLED SMART Q60A,265855.337,electro
SAMSUNG TV LED 32 SMART UN32T4300A,74724.21,electro
PHILIPS TV LED SMART 55P 4K 55PUD7406,155959.87,electro
SAMSUNG TV LED 50 UHD SMART 4K 50AU7000,154122.892,electro
SAMSUNG TV LED 43 SMART FHD 43T5300,118406.926,electro
SAMSUNG TV LED 70 UHD SMART 4K 70AU7000,360207.386,electro
SAMSUNG TV LED 43 SMART 4K 43AU7000,148496.271,electro
SAMSUNG TV LED 55 UHD SMART UN55AU7000,189167.055,electro
SAMSUNG TV 85 SMART 4K QLED UHD Q70,1146191.343,electro
AOC TV LED 43 SMART 43S5295/77G,94079.832,electro
AOC TV LED SMART 50P 4K UHD 50U6295/77,149898.947,electro
OUTLET LG TV LED 43 SMART 43UN7310,143511.522,electro
LYONN UPS CTB-1500-AP LED,171471.674,electro
HUNNOX UPS Y ESTABILIZADOR 650VA METAL LCD C/USB,25247.266,electro
HUNNOX UPS Y ESTABILIZADOR 850VA METAL LCD C/USB,29316.947,electro
OUTLET LYONN UPS DESIRE-500AP LCD,22267.047,electro
LYONN UPS CTB-1500-AP LCD,47900.072,electro
LYONN UPS CTB-1200-AP LCD,35097.15,electro
LYONN UPS CTB-800AP LCD,18894.447,electro
LYONN ESTABILIZADOR ELECT. TCA-2000-N,8618.764,electro
HUNNOX UPS 650VA LED,22189.321,electro
HUNNOX UPS 1500VA LED,52020.507,electro
HUNNOX UPS 1200VA LED,40671.961,electro
HUNNOX BATERIA UPS 12V 8AH,7331.093,electro
LYONN UPS CTB-1200-AP LED,33590.15,electro
LYONN ESTABILIZADOR ELECT. TCA-2000N-V,8658.595,electro
WEBCAM TRUST VERO FULL HD 1080P GXT1160,19960.457,webcams
WEBCAM TRUST EXIS BLACK,7120.025,webcams
CAMARA TRUST IRIS CONFERENCIA,397630.145,webcams
OUTLET WEBCAM RAZER KIYO X,24135.54,webcams
WEBCAM TRUST TRINO HD,11675.653,webcams
WEBCAM TRUST TYRO FULL HD,19759.531,webcams
WEBCAM GENIUS S FACECAM 1000X V2 NEW PACK,11479.743,webcams
WEBCAM TRUST TAXON QHD,35932.193,webcams
WEBCAM RAZER KIYO PRO,96296.695,webcams
WEBCAM TRUST SPOTLIGHT PRO,9502.933,webcams
WEBCAM RAZER KIYO RING LIGHT,54698.116,webcams
OUTLET WEBCAM GENIUS S RS ECAM 8000 RED NEW,7341.07,webcams
WEBCAM VIDLOK W77 1080P HD SIN TRIPODE,6221.369,webcams
